регион,МО,2017,2018,октмо
Волгоградская область,алексеевское,3836,3797,
Волгоградская область,аржановское,776,754,
Волгоградская область,большебабинское,522,514,
Волгоградская область,краснооктябрьское,829,800,
Волгоградская область,ларинское,745,718,
Волгоградская область,поклоновское,606,587,
Волгоградская область,шарашенское,767,747,
Волгоградская область,рябовское,1035,1008,
Волгоградская область,самолшинское,704,696,
Волгоградская область,солонцовское,622,597,
Волгоградская область,стеженское,706,701,
Волгоградская область,реченское,590,593,
Волгоградская область,трехложинское,507,494,
Волгоградская область,устьбузулукское,2506,2450,
Волгоградская область,яминское,1451,1438,
Волгоградская область,александровское,651,630,
Волгоградская область,верхнебалыклейское,1718,1710,
Волгоградская область,демидовское,595,580,
Волгоградская область,зеленовское,663,652,
Волгоградская область,кисловское,2426,2385,
Волгоградская область,красносельцевское,1475,1464,
Волгоградская область,луговопролейское,936,931,
Волгоградская область,новоникольское,1750,1718,
Волгоградская область,побединское,1061,1042,
Волгоградская область,приморское,3128,3118,
Волгоградская область,садовское,439,430,
Волгоградская область,солдатскостепновское,1049,1030,
Волгоградская область,уралоахтубинское,1728,1691,
Волгоградская область,вертячинское,1225,1229,
Волгоградская область,грачевское,1000,982,
Волгоградская область,каменское,1334,1327,
Волгоградская область,каовское,1605,1601,
Волгоградская область,котлубанское,2465,2483,
Волгоградская область,краснопахаревское,817,845,
Волгоградская область,кузьмичевское,2273,2247,
Волгоградская область,новожизненское,1850,1862,
Волгоградская область,новонадеждинское,1612,1653,
Волгоградская область,орловское,1663,1688,
Волгоградская область,паньшинское,2045,2044,
Волгоградская область,песковатское,921,934,
Волгоградская область,россошинское,2695,2706,
Волгоградская область,самофаловское,1866,1890,
Волгоградская область,царицынское,1319,1428,
Волгоградская область,атамановское,884,877,
Волгоградская область,белопрудское,772,755,
Волгоградская область,березовское,1679,1647,
Волгоградская область,краснинское,516,505,
Волгоградская область,лобойковское,800,786,
Волгоградская область,миусовское,287,289,
Волгоградская область,ореховское,564,541,
Волгоградская область,островское,1829,1782,
Волгоградская область,плотниковское,1019,986,
Волгоградская область,профсоюзнинское,462,453,
Волгоградская область,сергиевское,1108,1088,
Волгоградская область,горнобалыклейское,2734,2682,
Волгоградская область,горноводяновское,684,661,
Волгоградская область,горнопролейское,1342,1338,
Волгоградская область,давыдовское,668,662,
Волгоградская область,лозновское,1854,1824,
Волгоградская область,малоивановское,732,706,
Волгоградская область,оленьевское,1038,1032,
Волгоградская область,песковатское,1327,1306,
Волгоградская область,пичужинское,1819,1779,
Волгоградская область,прямобалкинское,614,599,
Волгоградская область,стрельношироковское,831,793,
Волгоградская область,суводское,421,412,
Волгоградская область,устьпогожинское,1341,1328,
Волгоградская область,алявское,226,222,
Волгоградская область,березовское,434,419,
Волгоградская область,большевистское,1511,1473,
Волгоградская область,большеморецкое,1384,1372,
Волгоградская область,вязовское,2478,2440,
Волгоградская область,дубовское,1412,1395,
Волгоградская область,журавское,832,820,
Волгоградская область,ивановское,174,169,
Волгоградская область,краишевское,1095,1073,
Волгоградская область,рассветовское,960,950,
Волгоградская область,родинское,249,242,
Волгоградская область,таловское,762,759,
Волгоградская область,терновское,792,766,
Волгоградская область,терсинское,1348,1299,
Волгоградская область,тростянское,1061,1038,
Волгоградская область,морецкое,1012,1007,
Волгоградская область,медведицкий,1124,1094,
Волгоградская область,александровское,1526,1509,
Волгоградская область,алешниковское,820,791,
Волгоградская область,бородачевское,430,419,
Волгоградская область,верхнедобринское,799,783,
Волгоградская область,кленовское,1499,1450,
Волгоградская область,медведицкое,2438,2411,
Волгоградская область,тарапатинское,294,288,
Волгоградская область,меловатское,293,275,
Волгоградская область,нижнедобринское,1398,1352,
Волгоградская область,новинское,514,507,
Волгоградская область,тетеревятское,318,299,
Волгоградская область,авиловское,1784,1765,
Волгоградская область,александровское,805,772,
Волгоградская область,большеивановское,1016,1004,
Волгоградская область,качалинское,3241,3229,
Волгоградская область,кондрашовское,1998,2000,
Волгоградская область,краснодонское,1433,1474,
Волгоградская область,медведевское,1470,1472,
Волгоградская область,новогригорьевское,1069,1087,
Волгоградская область,озерское,887,895,
Волгоградская область,сиротинское,1175,1168,
Волгоградская область,трехостровское,1025,1031,
Волгоградская область,ширяевское,1115,1101,
Волгоградская область,логовское,3962,3889,
Волгоградская область,калачнадону,24237,23947,
Волгоградская область,бузиновское,972,945,
Волгоградская область,голубинское,1405,1401,
Волгоградская область,зарянское,997,987,
Волгоградская область,ильевское,4102,4032,
Волгоградская область,крепинское,1581,1568,
Волгоградская область,логовское,2889,2836,
Волгоградская область,ляпичевское,2469,2431,
Волгоградская область,мариновское,1678,1631,
Волгоградская область,советское,6611,6584,
Волгоградская область,береславское,4677,4545,
Волгоградская область,приморское,939,939,
Волгоградская область,пятиизбянское,1296,1279,
Волгоградская область,антиповское,2724,2674,
Волгоградская область,белогорское,958,939,
Волгоградская область,верхнедобринское,1635,1650,
Волгоградская область,воднобуерачное,1596,1613,
Волгоградская область,гуселское,255,269,
Волгоградская область,костаревское,960,970,
Волгоградская область,лебяженское,1709,1861,
Волгоградская область,мичуринское,5511,5433,
Волгоградская область,нижнедобринское,994,1069,
Волгоградская область,петрунинское,1356,1429,
Волгоградская область,саломатинское,1509,1497,
Волгоградская область,семеновское,1206,1229,25608425
Волгоградская область,сестренское,1197,1211,
Волгоградская область,таловское,1373,1418,
Волгоградская область,терновское,1492,1501,
Волгоградская область,уметовское,1164,1186,
Волгоградская область,устьгрязнухинское,1562,1581,
Волгоградская область,чухонастовское,520,538,
Волгоградская область,александровское,414,402,
Волгоградская область,гришинское,1404,1367,
Волгоградская область,завязенское,1147,1126,
Волгоградская область,ежовское,993,949,
Волгоградская область,калачевское,700,698,
Волгоградская область,калиновское,737,721,
Волгоградская область,мачешанское,2397,2426,
Волгоградская область,озеркинское,1299,1266,
Волгоградская область,преображенское,5536,5511,
Волгоградская область,дубровское,858,849,
Волгоградская область,чернореченское,910,869,
Волгоградская область,верхнебузиновское,1332,1344,
Волгоградская область,верхнечеренское,1583,1544,
Волгоградская область,захаровское,1584,1560,
Волгоградская область,калмыковское,1198,1175,
Волгоградская область,клетское,6096,5983,
Волгоградская область,кременское,912,892,
Волгоградская область,манойлинское,1077,1075,
Волгоградская область,перекопское,1276,1276,
Волгоградская область,перелазовское,1351,1306,
Волгоградская область,распопинское,1204,1186,
Волгоградская область,верхнекурмоярское,848,846,
Волгоградская область,выпасновское,949,943,
Волгоградская область,генераловское,1302,1288,
Волгоградская область,захаровское,635,620,
Волгоградская область,котельниковское,1417,1408,
Волгоградская область,красноярское,1701,1664,
Волгоградская область,майоровское,760,735,
Волгоградская область,нагавское,790,770,
Волгоградская область,наголенское,1026,1020,
Волгоградская область,нижнеяблочное,1414,1399,
Волгоградская область,пименочернянское,1445,1424,
Волгоградская область,попереченское,812,796,
Волгоградская область,пугачевское,715,716,
Волгоградская область,семиченское,915,881,
Волгоградская область,чилековское,1511,1486,
Волгоградская область,бурлукское,724,690,
Волгоградская область,коростинское,1108,1089,
Волгоградская область,купцовское,1239,1200,
Волгоградская область,лапшинское,925,921,
Волгоградская область,мирошниковское,1097,1087,
Волгоградская область,моисеевское,983,968,
Волгоградская область,мокроольховское,1480,1441,
Волгоградская область,попковское,1315,1305,
Волгоградская область,белогорское,757,755,
Волгоградская область,букановское,1148,1110,
Волгоградская область,глазуновское,1982,1952,
Волгоградская область,краснянское,1034,1036,
Волгоградская область,кумылженское,9263,9177,
Волгоградская область,поповское,1293,1259,
Волгоградская область,слащевское,1715,1672,
Волгоградская область,суляевское,1964,1930,
Волгоградская область,шакинское,666,655,
Волгоградская область,бахтияровское,847,844,
Волгоградская область,заплавненское,4339,4239,
Волгоградская область,степновское,1008,1028,
Волгоградская область,каршевитское,492,477,
Волгоградская область,колобовское,831,816,
Волгоградская область,рассветинское,685,683,
Волгоградская область,коммунаровское,1020,1001,
Волгоградская область,маляевское,1222,1227,
Волгоградская область,маякское,539,540,
Волгоградская область,покровское,1260,1212,
Волгоградская область,ильичевское,865,871,
Волгоградская область,царевское,2014,1990,
Волгоградская область,верхнереченское,894,859,
Волгоградская область,динамовское,889,868,
Волгоградская область,захоперское,606,590,
Волгоградская область,краснопольское,370,363,
Волгоградская область,кругловское,961,959,
Волгоградская область,луковское,524,509,
Волгоградская область,нехаевское,4317,4222,
Волгоградская область,нижнедолговское,464,453,
Волгоградская область,родничковское,896,874,
Волгоградская область,солонское,930,901,
Волгоградская область,тишанское,911,881,
Волгоградская область,упорниковское,1384,1341,
Волгоградская область,успенское,370,356,
Волгоградская область,барановское,1510,1473,
Волгоградская область,бережновское,1606,1572,
Волгоградская область,ильичевское,1569,1541,
Волгоградская область,левчуновское,1182,1180,
Волгоградская область,ленинское,2378,2354,99610460
Волгоградская область,новобытовское,725,706,
Волгоградская область,очкуровское,1227,1189,
Волгоградская область,политотдельское,1077,1048,
Волгоградская область,совхозское,1766,1732,
Волгоградская область,солодушинское,1502,1463,
Волгоградская область,степновское,1385,1357,
Волгоградская область,амовское,1149,1120,
Волгоградская область,березовское,1132,1124,
Волгоградская область,бочаровское,1223,1196,
Волгоградская область,галушкинское,1116,1098,
Волгоградская область,деминское,1475,1417,
Волгоградская область,краснокоротковское,838,829,
Волгоградская область,новокиевское,933,901,
Волгоградская область,панфиловское,2814,2753,
Волгоградская область,полевое,409,387,
Волгоградская область,староаннинское,1909,1889,41630404
Волгоградская область,тростянское,959,925,
Волгоградская область,филоновское,1795,1744,
Волгоградская область,черкесовское,1483,1436,
Волгоградская область,алексиковское,1818,1787,
Волгоградская область,верхнекардаильское,917,905,
Волгоградская область,двойновское,887,874,
Волгоградская область,дуплятское,926,920,
Волгоградская область,комсомольское,1241,1225,
Волгоградская область,красноармейское,1083,1063,
Волгоградская область,куликовское,1084,1067,
Волгоградская область,мирное,925,886,
Волгоградская область,сеомолотское,1059,1058,
Волгоградская область,хоперское,1031,993,
Волгоградская область,абганеровское,1631,1607,
Волгоградская область,аксайское,1459,1446,
Волгоградская область,антоновское,1551,1530,
Волгоградская область,васильевское,443,428,
Волгоградская область,громославское,516,518,
Волгоградская область,жутовское,922,908,
Волгоградская область,заливское,1420,1409,
Волгоградская область,ивановское,493,486,
Волгоградская область,ильменское,1086,1095,
Волгоградская область,ковалевское,917,922,
Волгоградская область,новоаксайское,701,685,
Волгоградская область,перегрузненское,645,647,
Волгоградская область,советское,436,431,
Волгоградская область,шебалиновское,1109,1083,
Волгоградская область,шелестовское,1188,1166,
Волгоградская область,гуровское,708,684,
Волгоградская область,гусевское,1486,1422,
Волгоградская область,зензеватское,1604,1556,
Волгоградская область,каменнобродское,515,513,
Волгоградская область,киреевское,984,950,
Волгоградская область,липовское,1042,1004,
Волгоградская область,нежинское,776,773,
Волгоградская область,октябрьское,726,708,
Волгоградская область,ольховское,5807,5701,
Волгоградская область,романовское,510,481,
Волгоградская область,рыбинское,701,689,
Волгоградская область,солодчинское,2030,2019,
Волгоградская область,ягодновское,734,718,
Волгоградская область,гончаровское,1701,1666,
Волгоградская область,заволжское,2662,2641,
Волгоградская область,кайсацкое,1982,1964,
Волгоградская область,калашниковское,2124,2107,
Волгоградская область,комсомольское,1263,1244,
Волгоградская область,венгеловское,525,529,
Волгоградская область,краснооктябрьское,2260,2222,
Волгоградская область,лиманное,953,1024,
Волгоградская область,приозерное,702,691,
Волгоградская область,революционное,1248,1254,
Волгоградская область,ромашковское,1343,1328,
Волгоградская область,савинское,4062,3961,
Волгоградская область,степновское,1149,1143,
Волгоградская область,эльтонское,3484,3419,
Волгоградская область,большесудаченское,962,940,
Волгоградская область,громковское,588,582,
Волгоградская область,ильменское,1067,1051,
Волгоградская область,козловское,454,452,
Волгоградская область,лемешкинское,1328,1286,
Волгоградская область,лопуховское,957,910,
Волгоградская область,матышевское,1544,1523,
Волгоградская область,осичковское,1100,1083,
Волгоградская область,сосновское,503,490,19620464
Волгоградская область,большечапурниковское,3813,3817,
Волгоградская область,дубовоовражное,2017,2025,
Волгоградская область,кировское,5458,5491,
Волгоградская область,наримановское,1923,1919,
Волгоградская область,приволжское,2018,2005,
Волгоградская область,привольненское,2244,2186,
Волгоградская область,рай,2763,2756,
Волгоградская область,цацинское,1382,1375,
Волгоградская область,червленовское,2861,2832,
Волгоградская область,бобровское,706,679,
Волгоградская область,большовское,1446,1440,
Волгоградская область,буеракпоповское,862,841,
Волгоградская область,горбатовское,452,439,
Волгоградская область,зимняцкое,2295,2248,
Волгоградская область,клетскопочтовское,1275,1258,
Волгоградская область,крутовское,660,646,
Волгоградская область,отрожкинское,612,604,
Волгоградская область,песчановское,741,729,
Волгоградская область,пронинское,1323,1315,
Волгоградская область,среднецарицынское,872,847,
Волгоградская область,теркинское,1045,1028,
Волгоградская область,трясиновское,920,907,
Волгоградская область,устьхоперское,1379,1364,
Волгоградская область,ахтубинское,2215,2293,
Волгоградская область,верхнепогроменское,2422,2407,
Волгоградская область,кировское,3164,3195,
Волгоградская область,клетское,3476,3458,
Волгоградская область,краснооктябрьское,1525,1531,
Волгоградская область,красное,2263,2287,
Волгоградская область,куйбышевское,3682,3723,
Волгоградская область,рахинское,2368,2349,
Волгоградская область,суходольское,1557,1555,
Волгоградская область,фрунзенское,4880,4977,
Волгоградская область,беляевское,372,370,
Волгоградская область,валуевское,1002,988,
Волгоградская область,верхневодянское,617,610,
Волгоградская область,гмелинское,2597,2534,
Волгоградская область,иловатское,1385,1329,
Волгоградская область,кановское,878,875,
Волгоградская область,колышкинское,482,471,
Волгоградская область,красноярское,614,597,
Волгоградская область,курнаевское,603,583,
Волгоградская область,лятошинское,555,556,
Волгоградская область,новоквасниковское,597,581,
Волгоградская область,новополтавское,1347,1326,
Волгоградская область,новотихоновское,585,554,
Волгоградская область,салтовское,771,754,
Волгоградская область,старополтавское,4159,4144,19620000
Волгоградская область,торгунское,729,706,
Волгоградская область,харьковское,920,903,
Волгоградская область,черебаевское,457,457,
Волгоградская область,ближнеосиновское,965,970,
Волгоградская область,верхнесолоновское,1048,1022,
Волгоградская область,добринское,912,891,
Волгоградская область,лысовское,1068,1043,
Волгоградская область,качалинское,1290,1280,
Волгоградская область,сысоевское,1195,1201,
Волгоградская область,нижнечирское,4204,4165,
Волгоградская область,лобакинское,1374,1377,
Волгоградская область,новомаксимовское,1988,1950,
Волгоградская область,нижнеосиновское,1107,1096,
Волгоградская область,акчернское,1327,1271,
Волгоградская область,беспаловское,476,470,
Волгоградская область,бесплемяновское,374,368,
Волгоградская область,большинское,611,601,
Волгоградская область,бубновское,1061,1039,
Волгоградская область,верхнебезымяновское,650,635,
Волгоградская область,верхнесоинское,469,466,
Волгоградская область,вихлянцевское,209,205,
Волгоградская область,вишняковское,467,459,
Волгоградская область,добринское,2217,2172,
Волгоградская область,дубовское,1466,1437,
Волгоградская область,дьяконовское,1107,1089,
Волгоградская область,забурдяевское,379,374,
Волгоградская область,искринское,993,965,
Волгоградская область,котовское,981,991,
Волгоградская область,краснянское,573,562,
Волгоградская область,креповское,969,954,
Волгоградская область,лощиновское,470,465,
Волгоградская область,михайловское,1605,1567,
Волгоградская область,окладненское,906,900,
Волгоградская область,ольшанское,2672,2644,
Волгоградская область,петровское,2758,2747,
Волгоградская область,россошинское,1178,1154,
Волгоградская область,салтынское,1842,1779,
Волгоградская область,хоперопионерское,836,817,
Волгоградская область,арчединское,1469,1424,
Волгоградская область,большелычакское,897,881,
Волгоградская область,ветютневское,3144,3088,
Волгоградская область,дудаченское,518,504,
Волгоградская область,краснолиповское,1280,1247,
Волгоградская область,лычакское,679,666,
Волгоградская область,малодельское,1234,1200,
Волгоградская область,писаревское,622,610,
Волгоградская область,приное,1399,1373,
Волгоградская область,терновское,1661,1625,
Волгоградская область,шуруповское,1062,1047,
Волгоградская область,алешкинское,390,385,
Волгоградская область,басакинское,1191,1154,
Волгоградская область,большетерновское,809,793,
Волгоградская область,верхнегнутовское,883,867,
Волгоградская область,елкинское,562,552,
Волгоградская область,захаровское,751,748,
Волгоградская область,красноярское,1150,1132,
Волгоградская область,нижнегнутовское,1408,1419,
Волгоградская область,пристеновское,484,471,
Волгоградская область,сизовское,641,631,
Волгоградская область,тормосиновское,1619,1606,
Вологодская область,бабаевское,1061,1039,
Вологодская область,вепсское национальное,924,913,
Вологодская область,борисовское,3420,3327,
Вологодская область,пяжозерское,890,856,
Вологодская область,санинское,608,586,41618460
Вологодская область,тороповское,1320,1275,
Вологодская область,бабушкинское,4881,4832,
Вологодская область,березниковское,457,466,
Вологодская область,миньковское,2445,2390,
Вологодская область,подболотное,1443,1423,
Вологодская область,рослятинское,1936,1909,
Вологодская область,тимановское,650,636,
Вологодская область,антушевское,1170,1125,
Вологодская область,артюшинское,1680,1624,
Вологодская область,глушковское,453,431,
Вологодская область,куностьское,1121,1078,
Вологодская область,шольское,1348,1291,
Вологодская область,андреевское,1553,1488,
Вологодская область,киснемское,1544,1478,
Вологодская область,липиноборское,3830,3805,
Вологодская область,верхневарженское,189,177,
Вологодская область,верхнешарденгское,243,921,
Вологодская область,красавинское,1083,1066,
Вологодская область,ломоватское,861,836,
Вологодская область,марденгское,802,897,
Вологодская область,нижнеерогодское,215,300,
Вологодская область,опокское,1186,1145,
Вологодская область,орловское,290,270,
Вологодская область,парфеновское,232,345,
Вологодская область,покровское,271,234,
Вологодская область,самотовинское,3056,3053,
Вологодская область,сусоловское,587,541,
Вологодская область,теплогорское,321,305,
Вологодская область,трегубовское,1710,1694,
Вологодская область,устьалексеевское,1004,1230,
Вологодская область,шемогодское,458,567,
Вологодская область,юдинское,2696,2738,
Вологодская область,верховажское,5630,5565,
Вологодская область,верховское,920,895,
Вологодская область,коленгское,237,519,
Вологодская область,липецкое,446,472,
Вологодская область,морозовское,836,829,
Вологодская область,нижневажское,1674,1697,
Вологодская область,нижнекулойское,688,670,
Вологодская область,сибирское,315,456,
Вологодская область,чушевицкое,1864,1845,
Вологодская область,шелотское,407,404,
Вологодская область,бекетовское,909,875,
Вологодская область,кадниковское,2050,2029,
Вологодская область,мишутинское,588,572,
Вологодская область,нижнеслободское,660,630,
Вологодская область,тигинское,1057,1039,
Вологодская область,ючкинское,1113,1086,
Вологодская область,явенгское,1696,1671,
Вологодская область,кубенское,6050,5961,19620440101
Вологодская область,майское,7318,7371,19620000
Вологодская область,лесковское,3249,3411,
Вологодская область,марковское,2019,7201,
Вологодская область,новленское,3427,8147,
Вологодская область,сосновское,3892,2246,19620464
Вологодская область,подлесное,6096,6018,
Вологодская область,прилукское,2253,2345,
Вологодская область,семенковское,5927,4567,19620000
Вологодская область,спасское,4724,4801,19620484101
Вологодская область,старо,2979,2963,41642436
Вологодская область,федотовское,4605,4470,
Вологодская область,алмозерское,771,753,
Вологодская область,андомское,2244,2202,
Вологодская область,анненское,2305,2205,
Вологодская область,анхимовское,1525,1523,
Вологодская область,девятинское,4110,4110,
Вологодская область,кемское,809,778,
Вологодская область,оштинское,2585,2481,
Вологодская область,юровское,2594,2582,
Вологодская область,ростиловское,2257,2199,
Вологодская область,комьянское,1744,1748,
Вологодская область,перцевское,2231,2231,
Вологодская область,сидоровское,1729,1677,
Вологодская область,никольское,1686,1684,
Вологодская область,семизерье,1489,1511,
Вологодская область,алешинское,922,915,
Вологодская область,липовское,923,888,
Вологодская область,николоторжское,1433,1419,
Вологодская область,талицкое,1549,1514,
Вологодская область,ферапонтовское,1599,1601,
Вологодская область,чарозерское,617,603,
Вологодская область,ецкое,9847,9756,
Вологодская область,кичменгское,4517,4378,
Вологодская область,енангское,1732,1650,
Вологодская область,ботановское,596,599,
Вологодская область,старо,926,901,41642436
Вологодская область,сухонское,2965,3256,
Вологодская область,туровецкое,688,668,
Вологодская область,шейбухтовское,358,345,
Вологодская область,аргуновское,976,951,
Вологодская область,завражское,1099,1088,
Вологодская область,зеленцовское,997,988,
Вологодская область,кемское,1369,1338,
Вологодская область,краснополянское,4592,4579,41615464
Вологодская область,никольское,2357,2244,
Вологодская область,пермасское,699,687,
Вологодская область,востровское,562,550,
Вологодская область,ищенское,1824,1826,
Вологодская область,игмасское,612,583,
Вологодская область,нюксенское,5631,5583,
Вологодская область,архангельское,533,930,
Вологодская область,биряковское,857,836,
Вологодская область,воробьевское,807,786,
Вологодская область,двиницкое,798,789,
Вологодская область,нестеровское,443,500,
Вологодская область,пельшемское,514,506,
Вологодская область,приное,1876,1833,
Вологодская область,чучковское,654,616,
Вологодская область,двиницкое,532,507,
Вологодская область,ногинское,2671,2632,
Вологодская область,раменское,929,915,
Вологодская область,сямженское,4029,4071,
Вологодская область,спасское,1029,993,19620484101
Вологодская область,верховское,541,534,
Вологодская область,заборское,992,989,
Вологодская область,илезское,436,389,
Вологодская область,маркушевское,627,615,
Вологодская область,тарногское,7866,7878,
Вологодская область,великодворское,615,608,
Вологодская область,калининское,1492,1443,
Вологодская область,мосеевское,463,453,
Вологодская область,толшменское,1442,1385,
Вологодская область,погореловское,3000,2981,
Вологодская область,пятовское,5844,5734,
Вологодская область,бо,697,683,41606412
Вологодская область,высоковское,1194,1165,
Вологодская область,троицкое,936,928,
Вологодская область,устьянское,5016,4924,
Вологодская область,желябовское,2200,2163,
Вологодская область,залесское,992,950,
Вологодская область,лентьевское,928,913,
Вологодская область,мезженское,565,554,
Вологодская область,никифоровское,881,857,
Вологодская область,никольское,890,876,
Вологодская область,устюженское,1959,1909,
Вологодская область,ильинское,576,549,11611412
Вологодская область,кубенское,1330,1276,19620440101
Вологодская область,семинее,1246,1161,
Вологодская область,харовское,1226,1223,
Вологодская область,шапшинское,893,842,
Вологодская область,белокрестское,2344,2282,
Вологодская область,первомайское,923,890,19620000
Вологодская область,абакановское,2656,2609,
Вологодская область,воскресенское,2309,2293,
Вологодская область,малечкинское,2111,2088,
Вологодская область,ирдоматское,2082,2107,
Вологодская область,климовское,2440,2425,
Вологодская область,мяксинское,2233,2150,
Вологодская область,нелазское,2033,2012,
Вологодская область,судское,6483,6417,
Вологодская область,тоншаловское,5751,5778,
Вологодская область,уломское,3305,3216,
Вологодская область,югское,3865,3880,
Вологодская область,ягановское,985,979,
Вологодская область,яргомжское,2952,2957,
Вологодская область,чебсарское,1423,1384,
Вологодская область,ершовское,932,915,
Вологодская область,железнодорожное,678,669,
Вологодская область,никольское,1074,1093,
Вологодская область,нифантовское,2373,2365,
Вологодская область,сиземское,1510,1475,
Вологодская область,угольское,4503,4616,
Вологодская область,чуровское,1869,1858,
Вологодская область,юроченское,181,178,
Алтайский край,алейский,1106,1084,1601402
Алтайский край,безголосовский,595,587,
Алтайский край,большепанюшевский,562,554,
Алтайский край,боровской,999,1000,
Алтайский край,дружбинский,1034,1036,
Алтайский край,дубровский,811,793,18620436101
Алтайский край,заветильичвский,1556,1572,
Алтайский край,кашинский,1197,1186,
Алтайский край,кировский,725,694,
Алтайский край,краснопартизанский,527,529,
Алтайский край,малиновский,257,227,
Алтайский край,моховской,864,868,
Алтайский край,осколковский,705,706,
Алтайский край,плотавский,445,435,
Алтайский край,савинский,403,390,
Алтайский край,совхозный,1058,1041,
Алтайский край,урюпинский,619,659,
Алтайский край,фрунзенский,556,548,
Алтайский край,чапаевский,494,498,
Алтайский край,айский,3214,3200,
Алтайский край,алтайский,14218,14118,
Алтайский край,беловский,416,412,1602412
Алтайский край,куяганский,925,916,
Алтайский край,куячинский,948,928,
Алтайский край,макарьевский,428,416,
Алтайский край,нижнекаменский,2053,2056,
Алтайский край,пролетарский,1292,1311,
Алтайский край,россошинский,1001,998,
Алтайский край,старобелокурихинский,1527,1531,19620000
Алтайский край,баевский,4121,4090,
Алтайский край,верхпайвинский,640,627,
Алтайский край,верхчуманский,826,815,
Алтайский край,нижнечуманский,1416,1395,1603437
Алтайский край,паклинский,487,484,
Алтайский край,плотавский,769,757,
Алтайский край,прослаухинский,426,410,
Алтайский край,ситниковский,677,660,
Алтайский край,большеугреневский,790,789,
Алтайский край,верхбехтемирский,964,942,
Алтайский край,верхкатунский,3437,3358,
Алтайский край,енисейский,1450,1418,
Алтайский край,заринский,1536,1513,
Алтайский край,калининский,1022,1004,
Алтайский край,лесной,2307,2253,
Алтайский край,малоенисейский,2761,2686,
Алтайский край,малоугреневский,3471,3430,
Алтайский край,новиковский,1390,1359,
Алтайский край,первомайский,6576,6499,
Алтайский край,светлоозрский,1544,1533,
Алтайский край,сростинский,2902,2844,
Алтайский край,усятский,1281,1232,
Алтайский край,шебалинский,956,911,
Алтайский край,алексеевский,376,401,
Алтайский край,гляденьский,1357,1311,
Алтайский край,леньковский,3071,3062,
Алтайский край,нижнекучукский,468,452,
Алтайский край,николаевский,876,868,
Алтайский край,новокулундинский,1001,974,
Алтайский край,орлеанский,570,576,
Алтайский край,суворовский,960,955,
Алтайский край,шимолинский,1115,1081,
Алтайский край,яготинский,871,845,
Алтайский край,бурлинский,4162,4153,
Алтайский край,михайловский,1270,1257,12645416
Алтайский край,новоандреевский,275,253,
Алтайский край,новопесчанский,846,822,
Алтайский край,новосельский,778,787,
Алтайский край,ореховский,559,552,
Алтайский край,партизанский,1026,1003,
Алтайский край,рожковский,522,536,
Алтайский край,устьянский,1010,1021,1625495
Алтайский край,акутихинский,1026,1002,
Алтайский край,быстроистокский,3382,3355,
Алтайский край,верхануйский,1081,1066,
Алтайский край,верхозрнинский,442,436,
Алтайский край,новопокровский,913,892,1617468
Алтайский край,приобский,789,775,
Алтайский край,устьануйский,246,240,
Алтайский край,хлеборобный,1076,1068,
Алтайский край,берзовский,504,498,
Алтайский край,борфоостовский,837,820,
Алтайский край,волчихинский,10162,10015,
Алтайский край,востровский,1527,1526,
Алтайский край,коминтерновский,398,374,
Алтайский край,малышевологовской,1047,1018,
Алтайский край,новокормихинский,423,406,
Алтайский край,пятковологовской,337,331,
Алтайский край,селиврстовский,653,643,
Алтайский край,солоновский,813,802,1640460
Алтайский край,устьволчихинский,1003,990,
Алтайский край,круглосеменцовский,547,534,
Алтайский край,лебяжинский,1989,1989,
Алтайский край,малошелковниковский,683,669,
Алтайский край,новоегорьевский,5461,5433,
Алтайский край,первомайский,944,915,
Алтайский край,сростинский,2178,2157,
Алтайский край,титовский,910,873,
Алтайский край,шубинский,527,500,
Алтайский край,верхненинский,212,201,
Алтайский край,ельцовский,2900,2912,"1 610 422,00"
Алтайский край,мартыновский,1330,1334,
Алтайский край,новокаменский,359,359,
Алтайский край,пуштулимский,996,989,
Алтайский край,черемшанский,316,328,
Алтайский край,гилвский,1226,1211,
Алтайский край,глубоковский,1686,1664,
Алтайский край,гоноховский,1803,1791,
Алтайский край,завьяловский,6906,6826,
Алтайский край,камышенский,891,891,
Алтайский край,малиновский,1263,1231,
Алтайский край,овечкинский,725,715,1611467
Алтайский край,светловский,545,536,
Алтайский край,тумановский,325,317,
Алтайский край,харитоновский,1021,990,
Алтайский край,чернавский,548,541,
Алтайский край,чистоозрский,1276,1251,
Алтайский край,большекалтайский,494,475,
Алтайский край,борисовский,818,795,
Алтайский край,думчевский,599,590,
Алтайский край,залесовский,7749,7865,
Алтайский край,кордонский,555,542,
Алтайский край,пещерский,1227,1202,
Алтайский край,тундрихинский,529,520,
Алтайский край,чермушкинский,1258,1235,
Алтайский край,шатуновский,812,796,
Алтайский край,аламбайский,474,461,
Алтайский край,верхкамышенский,697,697,
Алтайский край,воскресенский,399,370,
Алтайский край,голухинский,1618,1602,1613428
Алтайский край,гоношихинский,1162,1138,
Алтайский край,гришинский,469,458,
Алтайский край,жуланихинский,677,673,1613436
Алтайский край,зыряновский,569,557,
Алтайский край,комарский,622,625,
Алтайский край,новодраченинский,1058,1035,
Алтайский край,новозыряновский,698,680,
Алтайский край,новокопыловский,1000,979,
Алтайский край,новоманошкинский,1247,1241,
Алтайский край,смазневский,1255,1214,
Алтайский край,сосновский,487,481,
Алтайский край,стародраченинский,952,923,19620000
Алтайский край,тягунский,1747,1735,
Алтайский край,хмелевский,1086,1059,
Алтайский край,шпагинский,936,937,
Алтайский край,яновский,599,599,10651412
Алтайский край,барановский,2127,2109,
Алтайский край,карамышевский,1606,1591,
Алтайский край,кузьминский,775,754,
Алтайский край,никольский,295,281,
Алтайский край,октябрьский,1042,992,50638404
Алтайский край,саввушинский,1141,1134,
Алтайский край,таловский,796,776,
Алтайский край,черепановский,1029,994,
Алтайский край,бурановский,1046,1032,
Алтайский край,зимарвский,1140,1124,
Алтайский край,калистратихинский,582,588,
Алтайский край,калманский,3595,3559,
Алтайский край,кубанский,593,595,
Алтайский край,шиловский,610,593,
Алтайский край,новоромановский,3584,3412,
Алтайский край,обской,854,852,
Алтайский край,устьалейский,524,508,1601402
Алтайский край,шадринский,651,657,
Алтайский край,аллакский,999,991,1616404
Алтайский край,верхаллакский,473,461,1616404
Алтайский край,гоноховский,1023,999,
Алтайский край,корниловский,1221,1200,
Алтайский край,новоярковский,1065,1041,
Алтайский край,плотниковский,765,747,
Алтайский край,попереченский,874,846,
Алтайский край,приный,468,459,
Алтайский край,рыбинский,817,794,
Алтайский край,столбовский,1155,1123,
Алтайский край,телеутский,279,266,
Алтайский край,толстовский,628,604,
Алтайский край,филипповский,375,365,
Алтайский край,васильчуковский,1115,1095,
Алтайский край,зелнополянский,819,793,
Алтайский край,истимисский,599,588,
Алтайский край,каипский,442,431,
Алтайский край,ключевский,9004,8902,
Алтайский край,новополтавский,811,768,
Алтайский край,новоцелинный,1141,1124,
Алтайский край,петуховский,841,817,
Алтайский край,покровский,467,454,1617468
Алтайский край,северский,1549,1487,
Алтайский край,баюновский,1301,1290,
Алтайский край,верхжилинский,405,398,
Алтайский край,глушинский,507,498,
Алтайский край,каркавинский,666,645,
Алтайский край,контошинский,1372,1351,
Алтайский край,косихинский,5174,5072,
Алтайский край,лосихинский,848,842,
Алтайский край,малаховский,684,689,
Алтайский край,налобихинский,4054,3996,
Алтайский край,плотниковский,393,391,
Алтайский край,полковниковский,795,759,
Алтайский край,берзовский,1234,1238,
Алтайский край,быстрянский,2401,2411,
Алтайский край,красногорский,5925,5880,
Алтайский край,новозыковский,896,917,
Алтайский край,новоталовский,553,541,
Алтайский край,соусканихинский,991,988,
Алтайский край,устьишинский,1922,1922,
Алтайский край,устькажинский,1338,1312,
Алтайский край,акимовский,509,508,
Алтайский край,берзовский,1288,1275,
Алтайский край,верхкамышенский,1366,1339,
Алтайский край,каовский,1345,1310,
Алтайский край,краснощковский,4935,4893,
Алтайский край,маралихинский,2303,2231,
Алтайский край,новошипуновский,1169,1147,
Алтайский край,суетский,661,646,
Алтайский край,устьбеловский,258,262,1602412
Алтайский край,устькозлухинский,856,846,1620470
Алтайский край,устьпустынский,358,348,
Алтайский край,харловский,1236,1222,
Алтайский край,чинетинский,663,658,
Алтайский край,боровской,664,676,
Алтайский край,волчнобурлинский,1266,1261,
Алтайский край,долганский,1278,1292,
Алтайский край,заковряшинский,975,973,
Алтайский край,крутихинский,3726,3777,
Алтайский край,маловолчанский,575,573,
Алтайский край,новодубровский,633,627,
Алтайский край,подборный,655,676,
Алтайский край,прыганский,927,932,
Алтайский край,ананьевский,753,712,
Алтайский край,воздвиженский,369,345,
Алтайский край,златополинский,805,773,
Алтайский край,константиновский,1014,991,
Алтайский край,кулундинский,14512,14617,
Алтайский край,курский,1384,1351,
Алтайский край,мирабилитский,693,711,
Алтайский край,октябрьский,1925,1902,50638404
Алтайский край,семновский,706,701,
Алтайский край,бугрышихинский,81,79,
Алтайский край,ивановский,883,851,
Алтайский край,казанцевский,477,457,
Алтайский край,колыванский,1249,1223,
Алтайский край,краснознаменский,883,870,
Алтайский край,кузнецовский,509,493,
Алтайский край,курьинский,3341,3284,
Алтайский край,новофирсовский,440,433,
Алтайский край,трусовский,667,634,
Алтайский край,устьталовский,893,861,
Алтайский край,дмитротитовский,1004,989,
Алтайский край,кытмановский,5005,4953,
Алтайский край,червовский,535,521,
Алтайский край,новотарабинский,661,645,
Алтайский край,октябрьский,1271,1262,50638404
Алтайский край,порошинский,449,451,
Алтайский край,семенокрасиловский,940,913,
Алтайский край,сунгайский,639,616,
Алтайский край,тягунский,1507,1509,
Алтайский край,тяхтинский,534,525,
Алтайский край,александровский,464,449,
Алтайский край,второкаменский,734,723,
Алтайский край,георгиевский,542,513,
Алтайский край,гилвский,896,886,
Алтайский край,ермошихинский,136,128,
Алтайский край,золотухинский,772,728,
Алтайский край,кировский,1028,1029,
Алтайский край,локтевский,1053,1041,
Алтайский край,масальский,1690,1660,
Алтайский край,николаевский,454,445,
Алтайский край,новенский,402,382,
Алтайский край,новомихайловский,825,812,
Алтайский край,покровский,827,818,1617468
Алтайский край,ремовский,852,817,
Алтайский край,самарский,578,562,
Алтайский край,успенский,972,955,
Алтайский край,устьянский,824,797,1625495
Алтайский край,буканский,1019,1038,
Алтайский край,гришенский,851,832,
Алтайский край,кадниковский,714,709,
Алтайский край,комсомольский,978,973,
Алтайский край,корчинский,1385,1366,
Алтайский край,костинологовской,1198,1204,
Алтайский край,крестьянский,1201,1179,
Алтайский край,мамонтовский,10231,10263,
Алтайский край,островновский,1471,1446,
Алтайский край,покровский,988,959,1617468
Алтайский край,сусловский,661,651,
Алтайский край,тимирязевский,656,644,
Алтайский край,чернокурьинский,958,958,
Алтайский край,ащегульский,358,347,
Алтайский край,бастанский,892,868,
Алтайский край,михайловский,10759,10763,12645416
Алтайский край,назаровский,538,529,
Алтайский край,николаевский,1074,1068,
Алтайский край,полуямский,833,813,
Алтайский край,ракитовский,2183,2156,
Алтайский край,долговский,575,567,
Алтайский край,лобанихинский,464,466,
Алтайский край,мельниковский,1008,983,
Алтайский край,новичихинский,4312,4292,
Алтайский край,поломошенский,559,556,
Алтайский край,солоновский,1561,1537,1640460
Алтайский край,токарвский,731,721,
Алтайский край,буланихинский,2598,2592,
Алтайский край,зональный,3835,3809,
Алтайский край,луговский,1352,1368,
Алтайский край,новочемровский,2087,2105,1629466
Алтайский край,октябрьский,1151,1127,50638404
Алтайский край,плешковский,1853,1894,
Алтайский край,соколовский,4143,4144,
Алтайский край,чемровский,1916,1905,1629466
Алтайский край,шубенский,1264,1277,
Алтайский край,арбузовский,1074,1059,
Алтайский край,бурановский,832,824,
Алтайский край,елунинский,620,600,
Алтайский край,колыванский,1880,1867,
Алтайский край,комсомольский,2835,2866,
Алтайский край,лебяжинский,992,960,
Алтайский край,новозоринский,3413,3372,
Алтайский край,павловский,14807,14572,
Алтайский край,павлозаводской,1573,1560,
Алтайский край,прутской,2604,2594,
Алтайский край,рогозихинский,1132,1125,
Алтайский край,стуковский,1702,1679,
Алтайский край,черемновский,4856,4796,
Алтайский край,чернопятовский,648,657,
Алтайский край,шаховский,1759,1766,
Алтайский край,велижанский,794,785,1631411
Алтайский край,железнодорожный,458,471,
Алтайский край,зятьковский,1147,1126,
Алтайский край,кривинский,581,558,
Алтайский край,луковский,934,934,
Алтайский край,панкрушихинский,5074,5020,
Алтайский край,подойниковский,1862,1841,
Алтайский край,романовский,506,487,
Алтайский край,урываевский,745,716,
Алтайский край,акуловский,1001,948,
Алтайский край,баюновоключевский,1884,1901,
Алтайский край,берзовский,7361,7584,
Алтайский край,бобровский,5194,5226,1632420
Алтайский край,боровихинский,8309,8312,
Алтайский край,жилинский,1192,1174,
Алтайский край,журавлихинский,1041,1040,
Алтайский край,зудиловский,5172,5306,
Алтайский край,логовской,1627,1646,
Алтайский край,новоберзовский,470,466,
Алтайский край,первомайский,5620,5545,
Алтайский край,повалихинский,3374,3370,
Алтайский край,рассказихинский,847,860,
Алтайский край,санниковский,4310,4532,
Алтайский край,северный,1836,1814,
Алтайский край,сибирский,2761,2739,
Алтайский край,солнечный,539,565,
Алтайский край,сорочелоговский,1216,1228,
Алтайский край,алексеевский,1356,1367,
Алтайский край,антоньевский,1455,1453,
Алтайский край,зеленодольский,1586,1600,
Алтайский край,камышенский,1447,1432,
Алтайский край,николаевский,982,993,
Алтайский край,новообинский,803,817,
Алтайский край,паутовский,949,941,
Алтайский край,петропавловский,2581,2571,
Алтайский край,соловьихинский,640,634,1633479
Алтайский край,борковский,1082,1098,
Алтайский край,лет октября,779,765,
Алтайский край,калмыцкомысовской,1121,1123,
Алтайский край,клепечихинский,1309,1316,
Алтайский край,красноалтайский,962,957,
Алтайский край,красноярский,894,874,1634450
Алтайский край,мамонтовский,1772,1755,
Алтайский край,николаевский,1618,1648,
Алтайский край,озимовский,691,690,
Алтайский край,поспелихинский,1146,1149,
Алтайский край,поспелихинский центральный,11817,11765,
Алтайский край,беловский,1901,1861,1602412
Алтайский край,боровлянский,663,655,
Алтайский край,воронихинский,878,855,
Алтайский край,зеленорощинский,828,799,
Алтайский край,зиминский,955,943,
Алтайский край,клочковский,1113,1139,
Алтайский край,пановский,1214,1208,
Алтайский край,плоскосеминский,316,310,
Алтайский край,подстепновский,852,821,
Алтайский край,ребрихинский,9174,9199,
Алтайский край,рожнелоговской,936,902,
Алтайский край,станционноребрихинский,2584,2567,
Алтайский край,устьмосихинский,1087,1084,
Алтайский край,яснополянский,509,492,
Алтайский край,зелнолуговской,517,508,
Алтайский край,каяушенский,550,536,
Алтайский край,кочкинский,862,843,
Алтайский край,мирненский,1877,1862,
Алтайский край,покровский,963,917,1617468
Алтайский край,раздольненский,1182,1129,
Алтайский край,родинский,8218,8208,
Алтайский край,степновский,1343,1339,
Алтайский край,степнокучукский,950,935,
Алтайский край,шаталовский,537,531,
Алтайский край,центральный,1149,1110,
Алтайский край,ярославлоговской,658,635,
Алтайский край,гилвлоговской,821,808,
Алтайский край,граномаяковский,348,359,
Алтайский край,гуселетовский,836,836,
Алтайский край,дубровинский,443,416,
Алтайский край,закладинский,728,727,
Алтайский край,казанцевский,293,278,
Алтайский край,майский,454,449,
Алтайский край,мормышанский,346,335,
Алтайский край,рассветовский,281,276,
Алтайский край,романовский,5281,5214,
Алтайский край,сидоровский,1239,1216,
Алтайский край,тамбовский,774,769,
Алтайский край,безрукавский,2882,2824,
Алтайский край,бобковский,1377,1345,
Алтайский край,большешелковниковский,576,572,
Алтайский край,веярский,4857,4752,
Алтайский край,вишнвский,534,532,
Алтайский край,дальний,1018,1002,
Алтайский край,куйбышевский,1290,1269,
Алтайский край,новоалександровский,1190,1203,
Алтайский край,новониколаевский,1362,1326,
Алтайский край,новороссийский,733,728,
Алтайский край,новосклюихинский,1080,1034,
Алтайский край,половинкинский,1089,1085,
Алтайский край,ракитовский,1021,990,
Алтайский край,рубцовский,2292,2265,
Алтайский край,самарский,983,980,
Алтайский край,саратовский,531,485,
Алтайский край,тишинский,857,838,
Алтайский край,ануйский,999,971,
Алтайский край,верхобский,2438,2386,
Алтайский край,кировский,1624,1593,
Алтайский край,линвский,1638,1600,
Алтайский край,новотырышкинский,1767,1756,
Алтайский край,смоленский,8719,8663,
Алтайский край,солоновский,1333,1308,1640460
Алтайский край,сычвский,2259,2214,
Алтайский край,точилинский,1240,1220,
Алтайский край,александровский,625,620,
Алтайский край,боронский,322,308,
Алтайский край,верхсуетский,2368,2314,
Алтайский край,нижнесуетский,1140,1108,
Алтайский край,кокшинский,984,960,
Алтайский край,коловский,388,390,
Алтайский край,красноярский,1187,1171,1634450
Алтайский край,никольский,1018,1009,
Алтайский край,платовский,678,711,
Алтайский край,половинский,624,609,
Алтайский край,сетовский,996,984,
Алтайский край,советский,4786,4731,
Алтайский край,талицкий,430,428,
Алтайский край,урожайный,1719,1705,
Алтайский край,шульгинлогский,1031,1003,
Алтайский край,шульгинский,1663,1620,
Алтайский край,берзовский,824,814,
Алтайский край,каовский,444,424,
Алтайский край,лютаевский,400,405,
Алтайский край,сибирячихинский,878,861,
Алтайский край,солонешенский,4828,4768,
Алтайский край,степной,515,493,
Алтайский край,тополинский,1026,1034,
Алтайский край,тумановский,682,672,
Алтайский край,карабинский,1291,1264,
Алтайский край,макарьевский,560,539,
Алтайский край,ненинский,970,981,
Алтайский край,нижнененинский,654,660,
Алтайский край,солтонский,3114,3042,
Алтайский край,сузопский,871,852,
Алтайский край,верхкучукский,1261,1239,
Алтайский край,ильинский,678,690,
Алтайский край,инской,569,556,1645423
Алтайский край,кипринский,1644,2095,
Алтайский край,крутишинский,1620,1592,
Алтайский край,кучукский,1452,1438,
Алтайский край,макаровский,419,418,
Алтайский край,новообинцевский,906,900,
Алтайский край,омутский,436,500,
Алтайский край,шелаболихинский,3805,3850,
Алтайский край,алтайский,1935,1938,
Алтайский край,большеромановский,723,709,
Алтайский край,лебединский,589,572,
Алтайский край,серебропольский,1675,1684,
Алтайский край,табунский,4360,4338,
Алтайский край,тальменский поссовет,19157,19098,
Алтайский край,анисимовский,1482,1435,
Алтайский край,зайцевский,746,733,
Алтайский край,казанцевский,300,289,
Алтайский край,кашкарагаихинский,1307,1302,
Алтайский край,курочкинский,1093,1090,
Алтайский край,ларичихинский,2530,2543,
Алтайский край,луговской,1932,1948,
Алтайский край,лушниковский,540,528,
Алтайский край,новоозрский,5116,5123,
Алтайский край,новоперуновский,1953,1963,
Алтайский край,новотроицкий,900,887,10628441
Алтайский край,озрский,5314,5319,
Алтайский край,речкуновский,303,296,
Алтайский край,среднесибирский,2014,1996,
Алтайский край,староперуновский,610,595,19620000
Алтайский край,шадринцевский,554,534,
Алтайский край,шишкинский,746,751,
Алтайский край,антипинский,1766,1717,
Алтайский край,новоиушинский,348,340,
Алтайский край,старотогульский,1074,1063,19620000
Алтайский край,тогульский,4424,4410,
Алтайский край,топтушинский,181,178,
Алтайский край,белояровский,734,722,
Алтайский край,володарский,733,715,
Алтайский край,зиминский,438,426,
Алтайский край,кировский,1397,1390,
Алтайский край,ключевский,494,480,
Алтайский край,красноярский,372,376,1634450
Алтайский край,макарьевский,677,694,
Алтайский край,парфновский,1875,1854,
Алтайский край,переясловский,871,868,
Алтайский край,победимский,1472,1492,
Алтайский край,покровский,412,410,1617468
Алтайский край,сидоровский,532,540,
Алтайский край,топчихинский,8983,8994,
Алтайский край,фунтиковский,1319,1297,
Алтайский край,хабазинский,455,438,
Алтайский край,чаузовский,293,275,
Алтайский край,чистюньский,1216,1215,
Алтайский край,екатерининский,1393,1354,
Алтайский край,корболихинский,1211,1198,
Алтайский край,новоалейский,701,689,1601402
Алтайский край,первокаменский,555,545,
Алтайский край,плосковский,719,708,
Алтайский край,садовый,1055,1041,63646446
Алтайский край,староалейский,4519,4415,1601402
Алтайский край,третьяковский,1884,1812,
Алтайский край,шипунихинский,622,601,
Алтайский край,беловский,2244,2240,1602412
Алтайский край,боровлянский,1582,1551,
Алтайский край,гордеевский,1656,1658,
Алтайский край,ерминский,873,872,
Алтайский край,заводской,1539,1529,
Алтайский край,зеленополянский,1126,1112,
Алтайский край,кипешинский,490,505,
Алтайский край,петровский,972,977,
Алтайский край,троицкий,9701,9591,10628441
Алтайский край,хайрюзовский,2424,2428,
Алтайский край,южаковский,409,390,
Алтайский край,андроновский,445,440,
Алтайский край,берзовский,1022,1017,
Алтайский край,вылковский,1860,1833,
Алтайский край,грязновский,437,441,
Алтайский край,заводской,566,553,
Алтайский край,ключевской,485,484,
Алтайский край,королвский,526,515,
Алтайский край,мезенцевский,328,313,
Алтайский край,новокаовский,357,357,
Алтайский край,тюменцевский,5162,5150,
Алтайский край,урывский,324,319,
Алтайский край,черемшанский,566,548,
Алтайский край,шарчинский,1610,1579,
Алтайский край,юдихинский,476,449,
Алтайский край,круглянский,978,942,
Алтайский край,лаптевский,1334,1277,
Алтайский край,озрнокузнецовский,1396,1364,
Алтайский край,павловский,1126,1087,
Алтайский край,симоновский,877,869,
Алтайский край,тополинский,958,954,
Алтайский край,угловский,5822,5716,
Алтайский край,кабановский,1323,1283,
Алтайский край,михайловский,1627,1597,12645416
Алтайский край,новобурановский,738,741,
Алтайский край,новокалманский,524,513,
Алтайский край,огнвский,1121,1098,
Алтайский край,пономарвский,440,426,
Алтайский край,приозрный,495,486,
Алтайский край,устькалманский,6487,6474,
Алтайский край,чарышский,1390,1382,
Алтайский край,беловский,166,152,1602412
Алтайский край,брусенцевский,678,676,
Алтайский край,вяткинский,694,680,
Алтайский край,елбанский,676,645,
Алтайский край,клепиковский,368,368,
Алтайский край,коробейниковский,1053,1040,
Алтайский край,краснодарский,440,406,
Алтайский край,красноярский,923,894,1634450
Алтайский край,нижнегусихинский,609,596,
Алтайский край,нижнеозернинский,619,606,
Алтайский край,троицкий,450,424,10628441
Алтайский край,устьпристанский,4688,4615,
Алтайский край,чеканихинский,161,156,
Алтайский край,зятьковореченский,692,674,
Алтайский край,коротоякский,1821,1769,
Алтайский край,мартовский,1168,1152,
Алтайский край,мичуринский,1140,1130,
Алтайский край,новоильинский,1679,1636,
Алтайский край,плсокурьинский,597,590,
Алтайский край,свердловский,922,894,
Алтайский край,тополинский,403,391,
Алтайский край,утянский,1115,1106,
Алтайский край,хабарский,5084,5054,
Алтайский край,бочкарвский,2001,1957,
Алтайский край,воеводский,1486,1459,
Алтайский край,дружбинский,613,613,
Алтайский край,еландинский,745,737,
Алтайский край,ложкинский,610,598,
Алтайский край,марушинский,1081,1079,
Алтайский край,овсянниковский,633,629,
Алтайский край,степночумышский,1284,1255,
Алтайский край,сухочемровский,811,818,
Алтайский край,хомутинский,436,435,
Алтайский край,целинный,4778,4793,
Алтайский край,шалапский,819,785,
Алтайский край,берзовский,895,897,
Алтайский край,краснопартизанский,1355,1343,
Алтайский край,малобащелакский,1101,1059,
Алтайский край,маралихинский,1289,1280,
Алтайский край,маякский,818,796,
Алтайский край,алексеевский,712,698,
Алтайский край,сентелекский,1095,1081,
Алтайский край,тулатинский,1027,992,
Алтайский край,чарышский,3093,3115,
Алтайский край,белоглазовский,1062,1038,
Алтайский край,бобровский,935,915,1632420
Алтайский край,войковский,894,883,
Алтайский край,горьковский,1221,1204,
Алтайский край,ельцовский,1163,1138,"1 610 422,00"
Алтайский край,зеркальский,1042,1020,
Алтайский край,ильинский,479,478,
Алтайский край,комарихинский,1001,979,
Алтайский край,краснояровский,1150,1143,
Алтайский край,нечунаевский,965,969,
Алтайский край,первомайский,1013,989,
Алтайский край,порожненский,1193,1176,
Алтайский край,родинский,1159,1144,
Алтайский край,российский,1434,1384,
Алтайский край,самсоновский,868,853,1659478
Алтайский край,тугозвоновский,1292,1274,
Алтайский край,урлаповский,822,804,
Алтайский край,хлопуновский,1076,1075,
Алтайский край,шипуновский,13559,13297,
Алтайский край,гришковский,1310,1277,
Алтайский край,дегтярский,1306,1295,
Алтайский край,камышинский,584,557,
Алтайский край,гальбштадтский,1756,1754,
Алтайский край,николаевский,1088,1082,
Алтайский край,орловский,1780,1718,
Алтайский край,подсосновский,2070,2034,
Алтайский край,полевской,1159,1170,
Алтайский край,протасовский,1170,1163,
Алтайский край,редкодубравский,1278,1265,
Алтайский край,шумановский,1212,1197,
Алтайский край,кусакский,1653,1622,
Забайкальский край,акшинское,3383,3352,76603411
Забайкальский край,бытэвское,434,424,
Забайкальский край,курулгинское,347,349,76603427
Забайкальский край,могойтуйское,540,516,
Забайкальский край,нарасунское,797,785,76603440
Забайкальский край,новокургатайское,678,678,
Забайкальский край,оройское,379,376,
Забайкальский край,тохторское,320,316,
Забайкальский край,убуртохторское,218,212,
Забайкальский край,улачинское,522,515,
Забайкальский край,урейское,1055,1038,
Забайкальский край,устьилинское,522,503,
Забайкальский край,новоакатуйское,888,868,
Забайкальский край,александровозаводское,2458,2420,76604412
Забайкальский край,бохтинское,618,604,
Забайкальский край,бутунтайское,448,423,
Забайкальский край,кузнецовское,224,227,
Забайкальский край,манкечурское,706,681,
Забайкальский край,маньковское,329,323,
Забайкальский край,николаевское,131,130,
Забайкальский край,первококуйское,364,345,
Забайкальский край,саввоборзинское,184,174,
Забайкальский край,ононборзинское,349,343,
Забайкальский край,чиндагатайское,424,393,
Забайкальский край,шаранчинское,662,649,
Забайкальский край,казаковское,805,807,
Забайкальский край,жидкинское,591,579,
Забайкальский край,матусовское,734,725,
Забайкальский край,нижнегирюнинское,352,339,
Забайкальский край,нижнеильдиканское,811,778,
Забайкальский край,нижнекокуйское,548,541,76606435
Забайкальский край,ундинопо,984,968,
Забайкальский край,ундинское,1026,1003,
Забайкальский край,подойницынское,1112,1094,
Забайкальский край,шерловогорское,12132,12078,
Забайкальский край,акурайское,268,258,
Забайкальский край,биликтуйское,246,237,
Забайкальский край,ключевское,173,173,
Забайкальский край,кондуйское,534,530,
Забайкальский край,курунзулайское,368,361,
Забайкальский край,новоборзинское,297,295,
Забайкальский край,южное,542,526,
Забайкальский край,переднебыркинское,612,589,
Забайкальский край,приозерное,312,303,
Забайкальский край,соловьевское,537,541,
Забайкальский край,устьозерское,396,379,
Забайкальский край,хадабулакское,583,576,
Забайкальский край,цаганолуйское,707,702,
Забайкальский край,чиндантское,604,605,
Забайкальский край,шоноктуйское,275,260,
Забайкальский край,батаканское,773,756,
Забайкальский край,буруканское,441,437,
Забайкальский край,газимурозаводское,3731,3741,
Забайкальский край,зеренское,228,225,
Забайкальский край,кактолгинское,438,425,76610418
Забайкальский край,новоширокинское,1418,1398,
Забайкальский край,солонеченское,609,611,
Забайкальский край,трубачевское,646,608,
Забайкальский край,ушмунское,620,611,
Забайкальский край,абагайтуйское,510,466,
Забайкальский край,рудникабагайтуйское,213,205,
Забайкальский край,билитуйское,1528,1489,
Забайкальский край,красновеликанское,458,448,
Забайкальский край,даурское,3926,3983,76612425
Забайкальский край,степное,445,438,
Забайкальский край,черноозерское,944,922,
Забайкальский край,новочарское,4081,4049,
Забайкальский край,икабьинское,426,398,
Забайкальский край,куандинское,1543,1510,
Забайкальский край,чапоологское,139,137,
Забайкальский край,чарское,1910,1862,
Забайкальский край,кадаинское,924,910,
Забайкальский край,буринское,558,557,
Забайкальский край,верхнекалгуканское,300,307,
Забайкальский край,доновское,709,680,
Забайкальский край,калганское,3094,3038,
Забайкальский край,козловское,161,160,
Забайкальский край,нижнекалгуканское,615,598,
Забайкальский край,среднеборзинское,437,431,
Забайкальский край,чингильтуйское,383,375,
Забайкальский край,чупровское,412,416,
Забайкальский край,шивиинское,150,140,
Забайкальский край,дарасунское,6896,6821,
Забайкальский край,карымское,12861,12844,
Забайкальский край,курортдарасунское,2953,2901,
Забайкальский край,адриановское,1174,1161,
Забайкальский край,большетуринское,1037,1024,
Забайкальский край,жимбиринское,539,539,
Забайкальский край,кадахтинское,1050,1051,
Забайкальский край,кайдаловское,1193,1178,
Забайкальский край,маякинское,665,663,
Забайкальский край,нарынталачинское,1056,1062,76620440
Забайкальский край,новодоронинское,433,444,
Забайкальский край,тыргетуйское,2320,2316,
Забайкальский край,урульгинское,3301,3287,
Забайкальский край,ковылинское,984,951,
Забайкальский край,богдановское,465,452,
Забайкальский край,кайластуйское,627,594,
Забайкальский край,капцегайтуйское,390,367,
Забайкальский край,маргуцекское,1092,1066,
Забайкальский край,соктуймилозанское,525,510,
Забайкальский край,среднеаргунское,398,376,
Забайкальский край,целиннинское,1443,1402,
Забайкальский край,юбилейнинское,837,823,
Забайкальский край,альбитуйское,503,491,
Забайкальский край,архангельское,694,685,
Забайкальский край,байхорское,600,600,
Забайкальский край,большереченское,667,666,
Забайкальский край,верхнешергольджинское,532,530,
Забайкальский край,жиндойское,761,740,
Забайкальский край,захаровское,1230,1204,
Забайкальский край,конкинское,226,221,
Забайкальский край,коротковское,1332,1333,
Забайкальский край,красночикойское,7107,7064,
Забайкальский край,малоархангельское,923,922,
Забайкальский край,мензинское,627,616,
Забайкальский край,урлукское,1349,1311,
Забайкальский край,черемховское,1173,1150,
Забайкальский край,шимбиликское,522,516,
Забайкальский край,алтанское,671,641,76624405
Забайкальский край,билютуйское,792,787,
Забайкальский край,верхнеульхунское,928,915,
Забайкальский край,гаваньское,320,308,
Забайкальский край,кыринское,4246,4169,76624425
Забайкальский край,любавинское,682,665,
Забайкальский край,мангутское,2134,2140,76624435
Забайкальский край,михайлопавловское,434,425,
Забайкальский край,мордойское,488,472,
Забайкальский край,надежнинское,56,58,
Забайкальский край,тарбальджейское,372,370,
Забайкальский край,ульхунпартионское,550,543,
Забайкальский край,посление хапчерангинское,798,791,
Забайкальский край,шумундинское,173,173,
Забайкальский край,семиозернинское,1427,1399,
Забайкальский край,сбегинское,1879,1863,
Забайкальский край,бишигинское,441,441,
Забайкальский край,верхнеключевское,497,490,
Забайкальский край,андронниковское,270,263,
Забайкальский край,зареченское,1365,1356,
Забайкальский край,знаменское,1391,1381,76628425
Забайкальский край,зюльзинское,1830,1809,
Забайкальский край,илимское,634,645,
Забайкальский край,олеканское,769,757,
Забайкальский край,кумакинское,494,489,
Забайкальский край,верхнеумыкэйское,242,238,
Забайкальский край,нижнеключевское,454,448,
Забайкальский край,олинское,1048,1032,76628465
Забайкальский край,пешковское,989,978,
Забайкальский край,аргунское,883,878,
Забайкальский край,большезерентуйское,829,812,
Забайкальский край,булдуруйское,589,570,
Забайкальский край,георгиевское,221,215,
Забайкальский край,горбуновское,274,268,
Забайкальский край,горнозерентуйское,871,847,
Забайкальский край,ивановское,699,689,
Забайкальский край,михайловское,638,632,
Забайкальский край,нерчинскозаводское,2528,2500,76630445
Забайкальский край,олочинское,363,362,76630450
Забайкальский край,уровключевское,313,308,
Забайкальский край,чашиноильдиканское,306,301,
Забайкальский край,широковское,467,463,
Забайкальский край,явленское,593,583,
Забайкальский край,безречнинское,464,450,
Забайкальский край,булумское,574,564,
Забайкальский край,бурулятуйское,684,679,76632455
Забайкальский край,долгокычинское,707,683,
Забайкальский край,единенское,822,800,
Забайкальский край,мирнинское,1239,1213,
Забайкальский край,ононское,748,741,
Забайкальский край,степнинское,1655,1646,
Забайкальский край,тургинское,579,582,
Забайкальский край,уланцацыкское,346,345,
Забайкальский край,улятуйское,1003,995,76632455
Забайкальский край,уртуйское,782,766,
Забайкальский край,хадабулакское,1210,1197,
Забайкальский край,харабыркинское,416,409,
Забайкальский край,яснинское,7720,7778,
Забайкальский край,большевистское,882,860,
Забайкальский край,буйлэсанское,486,475,
Забайкальский край,верхнецасучейское,880,860,
Забайкальский край,ималкинское,513,490,
Забайкальский край,кулусутайское,610,600,
Забайкальский край,дурулгуйское,868,856,
Забайкальский край,новозоринское,698,673,
Забайкальский край,холуйбазинское,511,508,
Забайкальский край,тутхалтуйское,547,539,
Забайкальский край,нижнецасучейское,3188,3176,
Забайкальский край,чиндантское,772,770,
Забайкальский край,балягакатангарское,71,67,
Забайкальский край,зугмарское,241,232,
Забайкальский край,катаевское,761,749,
Забайкальский край,катангарское,583,573,
Забайкальский край,малетинское,2786,2748,
Забайкальский край,песчанское,740,739,
Забайкальский край,толбагинское,478,480,
Забайкальский край,устьоборское,726,715,76636457
Забайкальский край,хараузское,811,802,
Забайкальский край,хохотуйское,1460,1462,
Забайкальский край,быркинское,1082,1063,
Забайкальский край,досатуйское,1310,1297,
Забайкальский край,дуройское,737,729,
Забайкальский край,зоргольское,730,721,
Забайкальский край,молодежнинское,1374,1346,
Забайкальский край,новоцурухайтуйское,2108,2070,
Забайкальский край,погадаевское,623,604,
Забайкальский край,пограничнинское,1124,1116,
Забайкальский край,староцурухайтуйское,941,932,19620000
Забайкальский край,урулюнгуйское,739,728,
Забайкальский край,устьтасуркайское,899,881,
Забайкальский край,сретенское,6687,6624,
Забайкальский край,ботовское,427,426,
Забайкальский край,верхнекуларкинское,558,551,
Забайкальский край,верхнекуэнгинское,597,571,
Забайкальский край,дунаевское,1414,1416,
Забайкальский край,молодовское,578,564,
Забайкальский край,алиянское,492,501,
Забайкальский край,устьнаринзорское,533,524,
Забайкальский край,фирсовское,750,742,
Забайкальский край,чикичейское,418,396,
Забайкальский край,шилкозаводское,352,346,
Забайкальский край,устьначинское,100,98,
Забайкальский край,тупикское,919,933,
Забайкальский край,зареченское,246,248,
Забайкальский край,верхусуглинское,2485,2535,
Забайкальский край,кыкерское,655,639,
Забайкальский край,нижнестанское,902,882,
Забайкальский край,тунгокоченское,891,903,
Забайкальский край,устькаренгинское,163,162,
Забайкальский край,усуглинское,971,941,
Забайкальский край,аблатуйское,650,639,
Забайкальский край,артинское,698,693,
Забайкальский край,горекацанское,1029,1027,
Забайкальский край,доронинское,714,705,
Забайкальский край,ленинское,587,567,99610460
Забайкальский край,николаевское,1492,1485,
Забайкальский край,тангинское,1270,1275,
Забайкальский край,улетовское,6765,6722,
Забайкальский край,хадактинское,1303,1301,76646455
Забайкальский край,бадинское,4363,4270,
Забайкальский край,глинкинское,249,249,
Забайкальский край,жипхегенское,1210,1187,
Забайкальский край,закультинское,733,706,
Забайкальский край,линевоозерское,2839,2782,
Забайкальский край,укурикское,130,127,76647436
Забайкальский край,харагунское,2810,2790,
Забайкальский край,хилогосонское,218,219,
Забайкальский край,хушенгинское,1756,1729,
Забайкальский край,энгорокское,148,145,
Забайкальский край,алеурское,1019,1014,
Забайкальский край,байгульское,909,886,
Забайкальский край,бушулейское,338,339,
Забайкальский край,гаурское,474,478,
Забайкальский край,икшицкое,244,241,
Забайкальский край,комсомольское,1690,1668,
Забайкальский край,курлыченское,185,183,
Забайкальский край,мильгидунское,839,832,
Забайкальский край,новоильинское,302,302,
Забайкальский край,новооловское,493,481,
Забайкальский край,старооловское,777,762,19620000
Забайкальский край,укурейское,704,701,
Забайкальский край,урюмское,803,796,
Забайкальский край,утанское,1625,1601,76648470
Забайкальский край,александровское,994,965,
Забайкальский край,арахлейское,708,699,
Забайкальский край,беклемишевское,1694,1675,76650410
Забайкальский край,верхчитинское,2134,2119,
Забайкальский край,домнинское,6687,6517,
Забайкальский край,елизаветинское,1159,1128,
Забайкальский край,засопкинское,4508,4746,
Забайкальский край,ингодинское,1238,1213,
Забайкальский край,колочнинское,1009,999,
Забайкальский край,ленинское,259,244,99610460
Забайкальский край,леснинское,1410,1418,
Забайкальский край,маккавеевское,4073,4043,
Забайкальский край,новокукинское,3119,3100,
Забайкальский край,новотроицкое,1334,1331,
Забайкальский край,оленгуйское,412,408,
Забайкальский край,сивяковское,1078,1054,
Забайкальский край,смоленское,6307,6472,
Забайкальский край,сохондинское,1722,1670,76650480
Забайкальский край,угданское,1317,1284,
Забайкальский край,шишкинское,2606,2585,76650490
Забайкальский край,вершиношахтаминское,1232,1182,
Забайкальский край,глинянское,359,351,
Забайкальский край,копунское,661,647,
Забайкальский край,мироновское,399,380,
Забайкальский край,нижнешахтаминское,434,432,
Забайкальский край,малотонтойское,447,422,
Забайкальский край,шелопугинское,3045,2966,
Забайкальский край,шивиинское,501,493,
Забайкальский край,богомягковское,964,965,
Забайкальский край,верхнехилинское,988,975,
Забайкальский край,галкинское,1083,1065,
Забайкальский край,казановское,1969,1947,76654420
Забайкальский край,мирсановское,800,794,76654425
Забайкальский край,новоберезовское,781,775,
Забайкальский край,номоконовское,542,530,
Забайкальский край,ононское,1651,1650,
Забайкальский край,размахнинское,1359,1331,
Забайкальский край,устьтеленгуйское,622,617,
Забайкальский край,чиронское,927,912,
Архангельская область,аргуновское,1189,1189,
Архангельская область,благовещенское,1522,1501,
Архангельская область,верхнеустькулойское,595,609,
Архангельская область,верхнешоношское,508,479,
Архангельская область,липовское,525,510,
Архангельская область,муравьевское,4394,4423,
Архангельская область,низовское,575,575,
Архангельская область,пакшеньгское,376,371,
Архангельская область,пежемское,775,779,
Архангельская область,попонаволоцкое,1090,1059,
Архангельская область,пуйское,1048,1033,
Архангельская область,ракулококшеньгское,423,395,
Архангельская область,солгинское,1319,1288,
Архангельская область,судромское,797,793,
Архангельская область,тегринское,860,844,
Архангельская область,устьвельское,2325,2328,
Архангельская область,устьшоношское,1457,1403,
Архангельская область,хозьминское,675,643,
Архангельская область,шадреньгское,965,973,
Архангельская область,афанасьевское,1346,1269,
Архангельская область,верхнетоемское,4101,4015,
Архангельская область,выйское,410,375,
Архангельская область,горковское,1443,1387,11608420
Архангельская область,двинское,3362,3241,
Архангельская область,пучужское,839,821,
Архангельская область,сефтренское,554,525,
Архангельская область,федьковское,1605,1539,
Архангельская область,беляевское,185,179,
Архангельская область,вилегодское,1408,1358,
Архангельская область,ильинское,5230,5159,11611412
Архангельская область,никольское,858,841,
Архангельская область,павловское,955,932,
Архангельская область,селянское,1198,1150,
Архангельская область,березниковское,6468,6371,
Архангельская область,борецкое,1197,1168,
Архангельская область,заостровское,347,329,
Архангельская область,кицкое,466,471,
Архангельская область,моржегорское,1362,1346,
Архангельская область,осиновское,936,904,
Архангельская область,рочегодское,1973,1925,
Архангельская область,устьваеньгское,840,832,
Архангельская область,шидровское,637,622,
Архангельская область,ошевенское,508,488,11618428
Архангельская область,павловское,1954,1910,
Архангельская область,печниковское,879,881,
Архангельская область,приозерное,1669,1659,
Архангельская область,ухотское,2070,2016,
Архангельская область,волошское,863,820,
Архангельская область,вохтомское,889,880,
Архангельская область,ерцевское,3599,3515,
Архангельская область,климовское,389,374,
Архангельская область,мирный,522,497,
Архангельская область,подюжское,2920,2803,
Архангельская область,тавреньгское,1186,1137,
Архангельская область,черемушское,3737,3699,
Архангельская область,алексеевское,5813,5729,
Архангельская область,белослудское,492,489,
Архангельская область,верхнеуфтюгское,379,348,
Архангельская область,куликовское,846,799,
Архангельская область,пермогорское,667,678,
Архангельская область,телеговское,1371,1383,
Архангельская область,черевковское,2440,2389,
Архангельская область,козьминское,923,879,
Архангельская область,сафроновское,4623,4545,
Архангельская область,сойгинское,1121,1073,
Архангельская область,вожгорское,646,609,
Архангельская область,койнасское,643,628,
Архангельская область,лешуконское,4320,4209,
Архангельская область,олемское,313,297,
Архангельская область,ценогорское,466,440,
Архангельская область,юромское,234,227,
Архангельская область,быченское,476,450,
Архангельская область,долгощельское,750,719,
Архангельская область,дорогорское,441,428,11658436
Архангельская область,жердское,127,130,
Архангельская область,козьмо,193,168,10651412
Архангельская область,койденское,478,469,
Архангельская область,ручьевское,280,273,
Архангельская область,совпольское,228,231,
Архангельская область,соянское,260,247,
Архангельская область,целегорское,168,144,
Архангельская область,мошинское,1768,1712,
Архангельская область,шалакушское,3393,3288,
Архангельская область,золотухское,810,769,
Архангельская область,кодинское,1935,1876,
Архангельская область,нименьгское,929,900,
Архангельская область,покровское,1450,1425,
Архангельская область,порожское,1062,1052,41639416
Архангельская область,чекуевское,2448,2382,
Архангельская область,веркольское,349,348,
Архангельская область,каогорское,5709,5704,
Архангельская область,кеврольское,428,404,
Архангельская область,кушкопальское,929,876,
Архангельская область,лавельское,1156,1108,
Архангельская область,междуреченское,2075,2064,
Архангельская область,нюхченское,421,407,
Архангельская область,пиринемское,624,595,
Архангельская область,пинежское,3952,3833,
Архангельская область,покшеньгское,242,234,
Архангельская область,сийское,1610,1575,
Архангельская область,сосновское,1312,1270,19620464
Архангельская область,сурское,1455,1421,
Архангельская область,шилегское,2206,2157,
Архангельская область,емцовское,1056,1007,
Архангельская область,кенозерское,1255,1214,
Архангельская область,коневское,3802,3721,
Архангельская область,оксовское,2378,2307,
Архангельская область,пуксоозерское,300,277,
Архангельская область,самодедское,1248,1508,
Архангельская область,тарасовское,227,204,
Архангельская область,ундозерское,617,636,
Архангельская область,федовское,729,713,
Архангельская область,холмогорское,294,300,
Архангельская область,ярнемское,473,439,
Архангельская область,боброволявленское,2668,2637,
Архангельская область,заостровское,2150,2137,
Архангельская область,катунинское,4262,4226,
Архангельская область,лисестровское,3244,3301,
Архангельская область,островное,2003,1948,
Архангельская область,пертоминское,767,729,
Архангельская область,приморское,2544,2525,
Архангельская область,соловецкое,948,931,
Архангельская область,талажское,3237,3213,
Архангельская область,уемское,3816,3798,
Архангельская область,березницкое,1383,1375,
Архангельская область,бестужевское,915,901,
Архангельская область,дмитриевское,588,576,
Архангельская область,илезское,791,761,
Архангельская область,киземское,2460,2410,
Архангельская область,лихачевское,494,473,
Архангельская область,лойгинское,919,884,
Архангельская область,малодорское,874,857,
Архангельская область,орловское,305,295,
Архангельская область,плосское,488,465,
Архангельская область,ростовскоминское,1257,1235,
Архангельская область,синицкое,428,417,
Архангельская область,строевское,935,916,
Архангельская область,череновское,419,397,
Архангельская область,шангальское,4142,4139,
Архангельская область,белогорское,750,744,
Архангельская область,двинское,922,891,
Архангельская область,емецкое,4477,4329,
Архангельская область,кехотское,514,482,
Архангельская область,койдокурское,345,327,
Архангельская область,луковецкое,2172,2088,
Архангельская область,матигорское,3016,2963,
Архангельская область,ракульское,1143,1106,
Архангельская область,светлозерское,895,846,
Архангельская область,устьпинежское,838,788,
Архангельская область,ухтостровское,532,497,
Архангельская область,хаврогорское,679,656,
Архангельская область,холмогорское,4722,4610,
Архангельская область,верхоледское,359,354,
Архангельская область,верхопаденьгское,564,536,
Архангельская область,никольское,1150,1139,
Архангельская область,ровдинское,1590,1571,
Архангельская область,сюмское,169,173,
Архангельская область,устьпаденьгское,975,961,
Архангельская область,федорогорское,1723,1725,11658436
Архангельская область,шеговарское,1382,1379,11658444
Астраханская область,батаевский,488,486,
Астраханская область,болхуны,2029,2005,
Астраханская область,золотухинский,1380,1378,
Астраханская область,капустин яр,4965,4719,
Астраханская область,новониколаевка,1093,1086,
Астраханская область,пироговка,795,792,
Астраханская область,пологозаймищенский,989,992,
Астраханская область,покровский,1088,1072,1617468
Астраханская область,садовое,394,383,
Астраханская область,сокрутовский,815,813,12605436
Астраханская область,удаченский,876,850,12605440
Астраханская область,успенский,1025,1020,
Астраханская область,володарский,10136,10073,
Астраханская область,актюбинский,1794,1777,
Астраханская область,алтынжарский,2484,2486,
Астраханская область,большемогойский,1879,1866,
Астраханская область,винный,756,751,
Астраханская область,зеленга,2694,2647,
Астраханская область,калининский,1475,1441,
Астраханская область,козловский,4741,4750,
Астраханская область,крутовский,761,761,12605436
Астраханская область,маковский,1102,1078,12642460
Астраханская область,марфинский,3435,3379,
Астраханская область,мултановский,2068,2062,
Астраханская область,новинский,1160,1146,
Астраханская область,новокрасинский,540,530,
Астраханская область,сизобугорский,2890,2871,
Астраханская область,султановский,683,679,
Астраханская область,тишковский,1872,1825,
Астраханская область,тулугановский,859,860,
Астраханская область,тумакский,2485,2436,
Астраханская область,хуторской,1197,1200,
Астраханская область,цветновский,2483,2455,12610464101
Астраханская область,ветлянский,566,559,
Астраханская область,владимировский,926,919,25608410
Астраханская область,восточинский,1257,1238,
Астраханская область,грачевский,589,577,
Астраханская область,енотаевка,7191,7122,
Астраханская область,замьяненский,1959,1931,
Астраханская область,иванониколаевский,1121,1099,
Астраханская область,конаповка,1023,1004,
Астраханская область,косикинский,591,566,
Астраханская область,никольский,5042,4971,
Астраханская область,пришибинский,1115,1105,
Астраханская область,табунаральский,1002,980,
Астраханская область,средневолжский,2264,2224,12640412
Астраханская область,федоровский,1139,1110,
Астраханская область,бахтемирский,3710,3692,
Астраханская область,житнинский,2840,2840,
Астраханская область,зюзинский,519,513,
Астраханская область,икрянинский,12170,12071,
Астраханская область,маячинский,1678,1644,
Астраханская область,мумринский,2811,2753,
Астраханская область,новобулгаринский,538,548,
Астраханская область,оранжерейнинский,6350,6287,
Астраханская область,седлистинский,1085,1065,12620432
Астраханская область,сергиевский,794,774,
Астраханская область,трудфронт,2680,2670,
Астраханская область,чулпанский,1015,998,
Астраханская область,верхнекалиновский,1336,1324,
Астраханская область,жанаульский,1012,996,
Астраханская область,иванчугский,1849,1817,
Астраханская область,каралатский,1822,1793,
Астраханская область,караулинский,2236,2228,
Астраханская область,лебяжинский,957,1000,
Астраханская область,николокомаровский,1339,1337,
Астраханская область,новотузуклейский,2982,2932,
Астраханская область,образцовотравинский,3224,3000,
Астраханская область,полдневский,1048,2000,
Астраханская область,раздорский,2264,2248,
Астраханская область,самосдельский,1610,1584,
Астраханская область,семибугорский,2550,2520,
Астраханская область,чаганский,2684,2643,
Астраханская область,ахтубинский,3180,3124,
Астраханская область,байбекский,3487,3490,
Астраханская область,бузанский,5411,5393,12630412
Астраханская область,ватаженский,4005,3953,
Астраханская область,джанайский,1561,1538,
Астраханская область,красноярский,17274,17238,1634450
Астраханская область,малый арал,727,643,
Астраханская область,сеитовский,1510,1513,
Астраханская область,степновский,156,166,
Астраханская область,басинский,1174,1145,12635402101
Астраханская область,зензелинский,3131,3103,
Астраханская область,олинский,3531,3499,
Астраханская область,промысловский,1505,1490,
Астраханская область,яндыковский,3266,3242,
Астраханская область,астраханский,2903,2870,
Астраханская область,ахматовский,1286,1284,
Астраханская область,барановский,1016,1004,
Астраханская область,волжский,3787,3788,18645408
Астраханская область,линейнинский,2490,2482,
Астраханская область,николаевский,1668,1712,
Астраханская область,прикаспийский,1988,1977,
Астраханская область,разночиновский,1816,1791,
Астраханская область,рассветский,2029,2050,
Астраханская область,солянский,7789,7978,
Астраханская область,старокучергановский,10061,10144,19620000
Астраханская область,бирюковский,2494,2510,
Астраханская область,евпраксинский,2536,2536,
Астраханская область,карагали,2734,2735,
Астраханская область,килинчинский,3570,3615,
Астраханская область,началовский,11216,11659,
Астраханская область,новорычинский,1482,1477,
Астраханская область,осыпной бугор,3800,3830,
Астраханская область,растопуловка,2310,2364,
Астраханская область,татаробашмаковский,5005,4989,
Астраханская область,трехпротокский,5032,5162,
Астраханская область,фунтовский,5145,5238,
Астраханская область,яксатовский,4984,4947,
Астраханская область,воленский,2389,2385,
Астраханская область,заволжский,1381,1369,18645408
Астраханская область,кочковатский,1982,1961,
Астраханская область,михайловский,1150,1131,12645416
Астраханская область,речновский,879,870,
Астраханская область,сасыкольский,5528,5487,
Астраханская область,селитренский,1907,1844,
Астраханская область,тамбовский,4139,4102,
Астраханская область,хошеутовский,3205,3226,
Астраханская область,ушаковка,1469,1436,
Астраханская область,черноярский,17880,17682,
Красноярский край,красноярский край,2875301,2876497,1634450
Красноярский край,абанский,8735,8719,
Красноярский край,апаноключинский,331,318,
Красноярский край,березовский,794,775,
Красноярский край,вознесенский,269,268,
Красноярский край,долгомостовский,2169,2110,
Красноярский край,заозерновский,280,269,
Красноярский край,никольский,480,464,
Красноярский край,новоуспенский,785,766,
Красноярский край,петропавловский,617,597,
Красноярский край,покатеевский,625,608,
Красноярский край,покровский,251,238,1617468
Красноярский край,почетский,1539,1501,
Красноярский край,самойловский,611,602,
Красноярский край,туровский,698,689,
Красноярский край,устьянский,1597,1587,1625495
Красноярский край,хандальский,445,440,
Красноярский край,белоярский,1426,1392,
Красноярский край,горный,1776,1778,
Красноярский край,ключинский,2667,2635,
Красноярский край,лапшихинский,475,477,
Красноярский край,малиновский,2815,2793,
Красноярский край,преображенский,1793,1814,
Красноярский край,причулымский,1263,1205,
Красноярский край,тарутинский,1711,1667,
Красноярский край,ястребовский,1464,1452,
Красноярский край,большесырский,720,720,
Красноярский край,грузенский,350,347,
Красноярский край,еловский,849,846,1602412
Красноярский край,кожановский,1282,1248,
Красноярский край,красненский,624,625,
Красноярский край,огурский,1226,1208,
Красноярский край,петропавловский,482,478,
Красноярский край,приморский,2016,2007,
Красноярский край,ровненский,863,839,
Красноярский край,тюльковский,1475,1471,
Красноярский край,черемушкинский,646,631,
Красноярский край,чистопольский,1535,1505,
Красноярский край,бархатовский,3061,3108,
Красноярский край,вознесенский,1672,1692,
Красноярский край,есаульский,4265,4608,
Красноярский край,зыковский,7674,7844,
Красноярский край,маганский,3543,3522,
Красноярский край,рассветовский,2735,2671,
Красноярский край,новобирилюсский,4183,4158,
Красноярский край,арефьевский,392,392,
Красноярский край,зачулымский,165,155,
Красноярский край,кирчиженский,256,254,
Красноярский край,малокетский,180,155,
Красноярский край,маталасский,297,278,
Красноярский край,орловский,377,363,
Красноярский край,полевской,365,338,
Красноярский край,проточенский,238,233,
Красноярский край,суриковский,656,652,
Красноярский край,александровский,389,379,
Красноярский край,боготольский,2679,2649,
Красноярский край,большекосульский,1439,1388,
Красноярский край,вагинский,1144,1117,
Красноярский край,краснозаводской,1276,1169,
Красноярский край,критовский,1393,1380,
Красноярский край,чайковский,569,549,
Красноярский край,юрьевский,1149,1120,
Красноярский край,богучанский,11275,11351,
Красноярский край,ангарский,1996,2106,
Красноярский край,артюгинский,644,633,
Красноярский край,белякинский,235,235,
Красноярский край,говорковский,678,656,
Красноярский край,красногорьевский,3209,3152,
Красноярский край,манзенский,1752,1726,
Красноярский край,невонский,1560,1542,
Красноярский край,нижнетерянский,480,469,
Красноярский край,новохайский,1205,1187,
Красноярский край,октябрьский,5637,5599,50638404
Красноярский край,осиновомысский,1498,1534,
Красноярский край,пинчугский,2272,2254,
Красноярский край,таежнинский,7000,7033,
Красноярский край,такучетский,658,652,
Красноярский край,хребтовский,1392,1374,
Красноярский край,чуноярский,2957,2937,
Красноярский край,шиверский,1002,989,
Красноярский край,айтатский,478,487,
Красноярский край,бартатский,1126,1115,
Красноярский край,верхказанский,732,737,
Красноярский край,еловский,421,442,1602412
Красноярский край,ентаульский,503,500,
Красноярский край,межовский,1694,1686,
Красноярский край,раздольненский,858,845,
Красноярский край,российский,1010,1010,
Красноярский край,таловский,957,954,
Красноярский край,юксеевский,1058,1034,
Красноярский край,предивинский,1552,1545,
Красноярский край,большеулуйский,3868,3849,
Красноярский край,березовский,645,648,
Красноярский край,бобровский,315,310,1632420
Красноярский край,бычковский,254,236,
Красноярский край,кытатский,396,375,
Красноярский край,новоеловский,975,951,
Красноярский край,новоникольский,312,295,
Красноярский край,сучковский,640,662,
Красноярский край,удачинский,208,199,
Красноярский край,дзержинский,7599,7553,
Красноярский край,александроершинский,781,771,
Красноярский край,денисовский,1468,1451,
Красноярский край,курайский,1013,1012,
Красноярский край,михайловский,888,875,12645416
Красноярский край,нижнетанайский,387,377,
Красноярский край,орловский,413,406,
Красноярский край,шеломковский,826,809,
Красноярский край,емельяново,13307,13717,
Красноярский край,гаревский,653,610,
Красноярский край,еловский,1503,1546,1602412
Красноярский край,зеледеевский,669,664,
Красноярский край,мининский,2571,2680,
Красноярский край,никольский,1199,1209,
Красноярский край,солонцовский,7248,7966,
Красноярский край,тальский,781,795,
Красноярский край,устюгский,2402,2517,
Красноярский край,частоостровский,2257,2314,
Красноярский край,шуваевский,6468,6727,
Красноярский край,элитовский,6462,6870,
Красноярский край,памяти  борцов,3118,3184,
Красноярский край,абалаковский,1504,1480,
Красноярский край,верхнепашинский,2760,2750,
Красноярский край,высокогорский,948,909,
Красноярский край,ищенский,270,256,
Красноярский край,епишинский,667,662,
Красноярский край,железнодорожный,953,934,
Красноярский край,кривлякский,828,824,
Красноярский край,луговатский,621,632,
Красноярский край,майский,505,500,
Красноярский край,маковский,273,276,12642460
Красноярский край,малобельский,134,127,
Красноярский край,новоокский,264,265,
Красноярский край,новокаргинский,1062,998,
Красноярский край,новоназимовский,1194,1140,
Красноярский край,озерновский,1641,1611,
Красноярский край,плотбищенский,347,327,
Красноярский край,погодаевский,528,529,
Красноярский край,подгорновский,184,187,
Красноярский край,потаповский,568,544,
Красноярский край,сымский,171,176,
Красноярский край,устькемский,980,964,
Красноярский край,устьпитский,529,526,
Красноярский край,чалбышевский,311,311,
Красноярский край,шапкинский,624,611,
Красноярский край,ярцевский,1435,1429,
Красноярский край,ермаковский,9167,9091,
Красноярский край,араданский,294,281,
Красноярский край,верхнеусинский,1622,1610,
Красноярский край,григорьевский,750,754,
Красноярский край,жеблахтинский,566,566,
Красноярский край,ивановский,421,402,
Красноярский край,мигнинский,1029,1017,
Красноярский край,нижнесуэтукский,826,826,
Красноярский край,новополтавский,479,468,
Красноярский край,ойский,1054,1024,
Красноярский край,разъезженский,734,723,
Красноярский край,салбинский,542,534,
Красноярский край,семенниковский,692,672,
Красноярский край,танзыбейский,1356,1366,
Красноярский край,идринский,5244,5179,
Красноярский край,большекнышинский,449,449,
Красноярский край,большесалбинский,202,191,
Красноярский край,большетелекский,431,416,
Красноярский край,большехабыкский,453,453,
Красноярский край,добромысловский,610,609,
Красноярский край,екатерининский,475,458,
Красноярский край,курежский,337,326,
Красноярский край,майский,343,325,
Красноярский край,малохабыкский,294,300,
Красноярский край,никольский,557,523,
Красноярский край,новоберезовский,448,429,
Красноярский край,новотроицкий,211,216,10628441
Красноярский край,отрокский,600,581,
Красноярский край,романовский,395,376,
Красноярский край,центральный,362,352,
Красноярский край,далайский,799,777,
Красноярский край,ельниковский,1260,1236,
Красноярский край,карапсельский,1635,1611,
Красноярский край,кучердаевский,254,252,
Красноярский край,новоский,1017,974,
Красноярский край,новониколаевский,1638,1601,
Красноярский край,новопокровский,702,691,1617468
Красноярский край,соколовский,579,583,
Красноярский край,южноалександровский,1074,1051,
Красноярский край,ирбейский,5010,5011,
Красноярский край,александровский,615,623,
Красноярский край,благовещенский,947,932,
Красноярский край,верхнеуринский,1058,1055,
Красноярский край,ивановский,754,742,
Красноярский край,изумрудновский,785,793,
Красноярский край,маловский,420,410,
Красноярский край,мельничный,365,360,
Красноярский край,петропавловский,489,481,
Красноярский край,сергеевский,322,304,
Красноярский край,степановский,631,616,
Красноярский край,тальский,704,691,
Красноярский край,тумаковский,602,602,
Красноярский край,успенский,104,103,
Красноярский край,устьканачульский,124,116,
Красноярский край,устьярульский,1106,1069,
Красноярский край,чухломинский,483,474,
Красноярский край,юдинский,1105,1086,
Красноярский край,казачинский,3567,3434,
Красноярский край,александровский,289,295,
Красноярский край,вороковский,712,704,
Красноярский край,галанинский,1301,1281,
Красноярский край,дудовский,229,221,
Красноярский край,захаровский,57,56,
Красноярский край,мокрушинский,761,758,
Красноярский край,момотовский,900,897,
Красноярский край,новотроицкий,198,195,10628441
Красноярский край,отношенский,431,423,
Красноярский край,пятковский,321,321,
Красноярский край,рождественский,815,805,
Красноярский край,талажанский,262,253,
Красноярский край,амонашенский,640,635,
Красноярский край,анцирский,1537,1519,
Красноярский край,астафьевский,1392,1415,
Красноярский край,большеуринский,1754,1707,
Красноярский край,браженский,2589,2582,
Красноярский край,верхамонашенский,887,879,
Красноярский край,георгиевский,1425,1433,
Красноярский край,краснокурышинский,881,863,
Красноярский край,мокрушинский,1499,1488,
Красноярский край,рудянский,1042,1032,
Красноярский край,сотниковский,1916,1874,
Красноярский край,таеженский,974,954,
Красноярский край,терский,2345,2315,
Красноярский край,филимоновский,3427,3397,
Красноярский край,чечеульский,3234,3223,
Красноярский край,каратузский,7215,7184,
Красноярский край,амыльский,455,449,
Красноярский край,верхнекужебарский,954,918,
Красноярский край,качульский,609,602,
Красноярский край,лебедевский,224,211,
Красноярский край,моторский,1124,1086,
Красноярский край,нижнекужебарский,432,423,
Красноярский край,нижнекурятский,579,563,
Красноярский край,сагайский,516,492,
Красноярский край,старокопский,298,295,19620000
Красноярский край,таскинский,696,670,
Красноярский край,таятский,703,689,
Красноярский край,уджейский,343,340,
Красноярский край,черемушинский,1024,1028,
Красноярский край,заледеевский,1226,1136,
Красноярский край,имбинский,603,582,
Красноярский край,ирбинский,214,206,
Красноярский край,недокурский,336,309,
Красноярский край,тагарский,1433,1378,
Красноярский край,яркинский,137,125,
Красноярский край,межселенная территория,735,712,
Красноярский край,балахтонский,766,751,
Красноярский край,жуковский,1738,1719,
Красноярский край,лазурненский,1302,1278,
Красноярский край,новочернореченский,32,33,
Красноярский край,шадринский,552,537,
Красноярский край,краснотуранский,5478,5471,
Красноярский край,беллыкский,1007,990,
Красноярский край,восточенский,942,941,
Красноярский край,кортузский,1531,1494,
Красноярский край,лебяженский,1203,1193,
Красноярский край,новосыдинский,471,487,
Красноярский край,салбинский,342,344,
Красноярский край,саянский,1417,1367,
Красноярский край,тубинский,1761,1780,
Красноярский край,алексеевский,867,852,
Красноярский край,березовский,1450,1408,
Красноярский край,брагинский,683,685,
Красноярский край,детловский,374,366,
Красноярский край,имисский,1180,1192,
Красноярский край,кордовский,1657,1609,
Красноярский край,кочергинский,896,882,
Красноярский край,курский,236,208,
Красноярский край,марининский,1253,1227,
Красноярский край,можарский,1336,1328,
Красноярский край,муринский,749,768,
Красноярский край,пойловский,754,741,
Красноярский край,рощинский,1982,1971,
Красноярский край,черемшанский,3312,3283,
Красноярский край,шалоболинский,1268,1261,
Красноярский край,щетинкинский,169,154,
Красноярский край,чибижекский,142,132,
Красноярский край,шалинский,4749,4756,
Красноярский край,выезжелогский,394,376,
Красноярский край,камарчагский,2708,2668,
Красноярский край,каменский,1387,1393,
Красноярский край,кияйский,893,880,
Красноярский край,колбинский,693,674,
Красноярский край,нарвинский,1209,1204,
Красноярский край,орешенский,429,421,
Красноярский край,первоманский,2180,2182,
Красноярский край,степнобаджейский,444,435,
Красноярский край,унгутский,694,679,
Красноярский край,большеничкинский,1518,1484,
Красноярский край,окский,2496,2487,
Красноярский край,жерлыкский,928,927,
Красноярский край,знаменский,3399,3377,
Красноярский край,кавказский,1024,1012,
Красноярский край,лугавский,2094,2114,
Красноярский край,маломинусинский,2193,2169,
Красноярский край,новотроицкий,1893,1881,10628441
Красноярский край,прихолмский,1476,1436,
Красноярский край,селиванихинский,3441,3591,
Красноярский край,тесинский,3669,3664,
Красноярский край,тигрицкий,1126,1107,
Красноярский край,шошинский,697,695,
Красноярский край,кирсантьевский,347,338,
Красноярский край,кулаковский,822,804,
Красноярский край,машуковский,513,511,
Красноярский край,новоангарский,1364,1315,
Красноярский край,орджоникидзевский,1383,1348,
Красноярский край,партизанский,374,87,
Красноярский край,первомайский,987,939,
Красноярский край,рыбинский,583,559,
Красноярский край,южноенисейский,522,507,
Красноярский край,верхнеададымский,1308,1277,
Красноярский край,гляденский,2503,2467,
Красноярский край,дороховский,1858,1826,
Красноярский край,краснополянский,2612,2568,
Красноярский край,красносопкинский,2689,2649,
Красноярский край,павловский,1339,1321,
Красноярский край,подсосенский,1387,1375,
Красноярский край,преображенский,2389,2356,
Красноярский край,сахаптинский,1398,1369,
Красноярский край,степновский,4910,4855,
Красноярский край,александровский,312,310,
Красноярский край,верхнеингашский,1533,1547,
Красноярский край,ивановский,562,563,
Красноярский край,канифольнинский,1632,1599,
Красноярский край,касьяновский,172,162,
Красноярский край,кучеровский,493,476,
Красноярский край,новоалександровский,442,423,
Красноярский край,павловский,425,416,
Красноярский край,соколовский,877,843,
Красноярский край,стретенский,556,551,
Красноярский край,тиличетский,328,320,
Красноярский край,тинский,2438,2373,12620432
Красноярский край,поканаевский,533,478,
Красноярский край,тинской,3362,3306,1645423
Красноярский край,нововский,13102,12969,
Красноярский край,нововский,5691,5643,
Красноярский край,анашенский,1321,1285,4641402
Красноярский край,бараитский,499,521,
Красноярский край,комский,1027,1013,
Красноярский край,легостаевский,569,569,
Красноярский край,светлолобовский,1333,1340,
Красноярский край,толстомысенский,1287,1279,
Красноярский край,чулымский,1375,1319,
Красноярский край,партизанский,3452,3406,
Красноярский край,богуславский,449,449,
Красноярский край,вершинорыбинский,1253,1245,
Красноярский край,ивановский,382,374,
Красноярский край,имбежский,1101,1075,
Красноярский край,иннокентьевский,285,264,
Красноярский край,кожелакский,215,213,
Красноярский край,минский,1591,1535,
Красноярский край,стойбинский,700,722,
Красноярский край,пировский,3046,3029,
Красноярский край,алтатский,102,101,
Красноярский край,бушуйский,145,152,
Красноярский край,икшурминский,542,542,
Красноярский край,кетский,1109,1092,
Красноярский край,кириковский,570,556,
Красноярский край,комаровский,274,265,
Красноярский край,солоухинский,345,333,
Красноярский край,троицкий,680,660,10628441
Красноярский край,чайдинский,139,137,
Красноярский край,заозерный,10286,10255,
Красноярский край,александровский,1057,1046,
Красноярский край,большеключинский,528,516,
Красноярский край,бородинский,1335,1284,
Красноярский край,двуреченский,946,923,
Красноярский край,красногорьевский,415,404,
Красноярский край,малокамалинский,470,459,
Красноярский край,налобинский,528,497,
Красноярский край,новинский,100,88,
Красноярский край,новокамалинский,1897,1875,
Красноярский край,новосолянский,2774,2779,
Красноярский край,переясловский,1222,1196,
Красноярский край,рыбинский,1454,1439,
Красноярский край,успенский,835,802,
Красноярский край,уральский,1666,1636,
Красноярский край,агинский,5225,5206,
Красноярский край,большеарбайский,382,366,
Красноярский край,большеильбинский,123,121,
Красноярский край,вознесенский,333,328,
Красноярский край,гладковский,364,359,
Красноярский край,кулижниковский,341,325,
Красноярский край,малиновский,266,253,
Красноярский край,межовский,621,629,
Красноярский край,нагорновский,449,446,
Красноярский край,орьевский,391,367,
Красноярский край,среднеагинский,316,322,
Красноярский край,тинский,263,247,12620432
Красноярский край,тугачинский,536,518,
Красноярский край,унерский,1266,1259,
Красноярский край,сухобузимский,5090,5114,
Красноярский край,атамановский,2837,2879,
Красноярский край,борский,1541,1545,
Красноярский край,высотинский,1645,1652,
Красноярский край,кононовский,1452,1462,
Красноярский край,миндерлинский,2614,2609,
Красноярский край,нахвальский,1791,1805,
Красноярский край,подсопочный,792,796,
Красноярский край,шилинский,2239,2202,
Красноярский край,караул,3951,3990,
Красноярский край,хатанга,4684,4622,
Красноярский край,тасеевский,7459,7462,
Красноярский край,вахрушевский,333,324,
Красноярский край,вевский,395,377,
Красноярский край,сивохинский,705,690,
Красноярский край,суховский,1032,1005,
Красноярский край,троицкий,648,605,10628441
Красноярский край,фаначетский,561,561,
Красноярский край,хандальский,499,484,
Красноярский край,туруханский,4289,4240,
Красноярский край,борский,2574,2539,
Красноярский край,верхнеимбатский,510,513,
Красноярский край,вороговский,1377,1369,
Красноярский край,зотинский,447,428,
Красноярский край,светлогорский,876,882,
Красноярский край,тюхтетский,4896,4908,
Красноярский край,верхчетский,309,285,
Красноярский край,двинский,266,266,
Красноярский край,зареченский,585,571,
Красноярский край,красинский,143,125,
Красноярский край,лазаревский,394,391,
Красноярский край,леонтьевский,389,378,
Красноярский край,новомитропольский,664,658,
Красноярский край,поваренкинский,251,248,
Красноярский край,чиндатский,254,247,
Красноярский край,васильевский,110,113,
Красноярский край,златоруновский,1405,1374,
Красноярский край,ильинский,808,830,
Красноярский край,крутоярский,3014,2990,
Красноярский край,кулунский,1320,1304,
Красноярский край,локшинский,1286,1258,
Красноярский край,малоимышский,1689,1655,
Красноярский край,михайловский,788,790,12645416
Красноярский край,озероучумский,914,908,
Красноярский край,прилужский,848,836,
Красноярский край,приреченский,1415,1385,
Красноярский край,солгонский,2380,2379,
Красноярский край,авдинский,461,461,
Красноярский край,балайский,1306,1274,
Красноярский край,восточный,379,374,
Красноярский край,громадский,1936,1926,
Красноярский край,новопятницкий,1243,1230,
Красноярский край,рощинский,1169,1164,
Красноярский край,сухонойский,414,404,
Красноярский край,сушиновский,1095,1078,
Красноярский край,толстихинский,844,850,
Красноярский край,березовский,2222,2213,
Красноярский край,ивановский,1630,1598,
Красноярский край,новоалтатский,1795,1765,
Красноярский край,парнинский,2394,2310,
Красноярский край,родниковский,1557,1510,
Красноярский край,холмогорский,4310,4269,
Красноярский край,шушенский,539,511,
Красноярский край,иджинский,658,668,
Красноярский край,ильичевский,2924,2913,
Красноярский край,казанцевский,2763,2677,
Красноярский край,каптыревский,2669,2624,
Красноярский край,сизинский,2014,2019,
Красноярский край,синеборский,1713,1685,
Красноярский край,субботинский,2400,2359,
Красноярский край,тура,5493,5342,4628413
Красноярский край,бурный,191,191,
Красноярский край,ессей,606,615,
Красноярский край,кислокан,108,113,
Красноярский край,кузьмовка,202,207,
Красноярский край,куюмба,156,143,
Красноярский край,муторай,92,95,
Красноярский край,нидым,171,173,
Красноярский край,оскоба,10,10,
Красноярский край,ошарово,93,89,
Красноярский край,полигус,245,240,
Красноярский край,стрелкачуня,183,183,
Красноярский край,суломай,177,182,
Красноярский край,суринда,412,412,
Красноярский край,тутончаны,216,215,
Красноярский край,учами,96,97,
Красноярский край,чемдальск,45,44,
Красноярский край,чиринда,191,197,
Красноярский край,эконда,265,266,
Красноярский край,юкта,88,87,
Красноярский край,байкит,3293,3292,
Красноярский край,ванавара,2906,2914,
Красноярский край,мирюга,40,40,
,,,,
,,,,
,,,,
,,,,
,,,,
,,,,
,,,,
,,,,
,,,,
,,,,
,,,,
,,,,
,,,,
,,,,
,,,,
,,,,
,,,,
,,,,
,,,,
,,,,
,,,,
,,,,
,,,,
,,,,
,,,,
,,,,
,,,,
,,,,
,,,,
,,,,
,,,,
,,,,
,,,,
,,,,
,,,,
,,,,
,,,,
,,,,
,,,,
,,,,
,,,,
,,,,
,,,,
,,,,
,,,,
,,,,
,,,,
,,,,
,,,,
,,,,
,,,,
,,,,
,,,,
,,,,
,,,,
,,,,
,,,,
,,,,
,,,,
,,,,
,,,,
,,,,
,,,,
,,,,
,,,,
,,,,
,,,,
,,,,
,,,,
,,,,
,,,,
,,,,
,,,,
,,,,
,,,,
,,,,
,,,,
,,,,
,,,,
,,,,
,,,,
,,,,
,,,,
,,,,
,,,,
,,,,
,,,,
,,,,
,,,,
,,,,
,,,,
,,,,
,,,,
,,,,
,,,,
,,,,
,,,,
,,,,
,,,,
,,,,
,,,,
,,,,
,,,,
,,,,
,,,,
,,,,
,,,,
,,,,
,,,,
,,,,
,,,,
,,,,
,,,,
,,,,
,,,,
,,,,
,,,,
,,,,
,,,,
,,,,
,,,,
,,,,
,,,,
,,,,
,,,,
,,,,
,,,,
,,,,
,,,,
,,,,
,,,,
,,,,
,,,,
,,,,
,,,,
,,,,
,,,,
,,,,
,,,,
,,,,
,,,,
,,,,
,,,,
,,,,
,,,,
,,,,
,,,,
,,,,
,,,,
,,,,
,,,,
,,,,
,,,,
,,,,
,,,,
,,,,
,,,,
,,,,
,,,,
,,,,
,,,,
,,,,
,,,,
,,,,
,,,,
,,,,
,,,,
,,,,
,,,,
,,,,
,,,,
,,,,
,,,,
,,,,
,,,,
,,,,
,,,,
,,,,
,,,,
,,,,
,,,,
,,,,
,,,,
,,,,
,,,,
,,,,
,,,,
,,,,
,,,,
,,,,
,,,,
,,,,
,,,,
,,,,
,,,,
,,,,
,,,,
,,,,
,,,,
,,,,
,,,,
,,,,
,,,,
,,,,
,,,,
,,,,
,,,,
,,,,
,,,,
,,,,
,,,,
,,,,
,,,,
,,,,
,,,,
,,,,
,,,,
,,,,
,,,,
,,,,
,,,,
,,,,
,,,,
,,,,
,,,,
,,,,
,,,,
,,,,
,,,,
,,,,
,,,,
,,,,
,,,,
,,,,
,,,,
,,,,
,,,,
,,,,
,,,,
,,,,
,,,,
,,,,
,,,,
,,,,
,,,,
,,,,
,,,,
,,,,
,,,,
,,,,
,,,,
,,,,
,,,,
,,,,
,,,,
,,,,
,,,,
,,,,
,,,,
,,,,
,,,,
,,,,
,,,,
,,,,
,,,,
,,,,
,,,,
,,,,
,,,,
,,,,
,,,,
,,,,
,,,,
,,,,
,,,,
,,,,
,,,,
,,,,
,,,,
,,,,
,,,,
,,,,
,,,,
,,,,
,,,,
